0,batch_size,lr,max_epochs,module__activation_fct,module__channel_list,module__conv_type,module__dropout,module__fc_hidden_layers,module__preprocess,train_loss_0,train_loss_1,train_loss_2,train_loss_min,train_loss_max,train_loss_mean,train_loss_std,valid_acc_0,valid_acc_1,valid_acc_2,valid_acc_min,valid_acc_max,valid_acc_mean,valid_acc_std,valid_loss_0,valid_loss_1,valid_loss_2,valid_loss_min,valid_loss_max,valid_loss_mean,valid_loss_std
1,64,0.0001,2000,prelu,"[(115, None), (97, 1), (57, 1), (108, 1)]",temporal,0.3196798683411005,"[1936, 256]",LSC,2.83969899317203,2.880105477359636,2.884619037921612,2.83969899317203,2.884619037921612,2.868141169484426,0.020195892359185782,0.06716417910447761,0.07142857142857142,0.06741573033707865,0.06716417910447761,0.07142857142857142,0.06866949362337589,0.0019536636109282325,2.649617383729166,2.6654397258184908,2.6656353893351468,2.649617383729166,2.6656353893351468,2.6602308329609343,0.0075052670172101755
2,,,,,,,,,,2.710059023546575,2.7155166838056872,2.7224067247830903,2.710059023546575,2.7224067247830903,2.7159941440451174,0.005052221139705935,0.07835820895522388,0.07518796992481203,0.07116104868913857,0.07116104868913857,0.07835820895522388,0.07490240918972484,0.002945158476097901,2.640138252457576,2.641045229775565,2.641195985708344,2.640138252457576,2.641195985708344,2.640793155980495,0.0004671586497581231
3,,,,,,,,,,2.6654306013919484,2.6696808454969774,2.6645559604351337,2.6645559604351337,2.6696808454969774,2.666555802441353,0.0022384026708739345,0.07462686567164178,0.07518796992481203,0.07116104868913857,0.07116104868913857,0.07518796992481203,0.07365862809519746,0.0017808493596986321,2.6385846387094527,2.636657130449338,2.637006862333205,2.636657130449338,2.6385846387094527,2.637416210497332,0.0008384495464082134
4,,,,,,,,,,2.6564238301131997,2.649926910024784,2.654981862581693,2.649926910024784,2.6564238301131997,2.6537775342398926,0.002785713280886671,0.0708955223880597,0.11278195488721804,0.06741573033707865,0.06741573033707865,0.11278195488721804,0.08369773587078545,0.0206146563562009,2.6386012675157233,2.6325689491472746,2.638742364747694,2.6325689491472746,2.638742364747694,2.6366375271368976,0.0028774956994406624
5,,,,,,,,,,2.6556078303526363,2.6487384048593836,2.6500646334428053,2.6487384048593836,2.6556078303526363,2.6514702895516082,0.002975360311401957,0.08208955223880597,0.10150375939849623,0.07865168539325842,0.07865168539325842,0.10150375939849623,0.08741499901018686,0.010060636463343159,2.6356943223013807,2.634448856339419,2.637193161896552,2.634448856339419,2.637193161896552,2.635778780179117,0.0011219486314925178
6,,,,,,,,,,2.64836457377454,2.6412083800313106,2.6526367260859565,2.6412083800313106,2.6526367260859565,2.6474032266306025,0.004714864058454021,0.1044776119402985,0.07518796992481203,0.08614232209737828,0.07518796992481203,0.1044776119402985,0.08860263465416295,0.012083339377193207,2.6311033875194947,2.6329396004067327,2.635238315282243,2.6311033875194947,2.635238315282243,2.633093767736157,0.0016915934450261942
7,,,,,,,,,,2.6478035831267666,2.663797655206363,2.655470818739671,2.6478035831267666,2.663797655206363,2.6556906856909337,0.0065314031942621045,0.08582089552238806,0.08646616541353383,0.07116104868913857,0.07116104868913857,0.08646616541353383,0.08114936987502015,0.007067720678896554,2.621858514956574,2.631007155081383,2.6359996956385925,2.621858514956574,2.6359996956385925,2.62962178855885,0.005855634213968137
8,,,,,,,,,,2.64375261167111,2.6410260099727987,2.654299134474534,2.6410260099727987,2.654299134474534,2.646359252039481,0.00572362874507415,0.08955223880597014,0.07518796992481203,0.10486891385767791,0.07518796992481203,0.10486891385767791,0.08986970752948668,0.012119273850064626,2.614849691960349,2.632582144629686,2.636472755603576,2.614849691960349,2.636472755603576,2.62796819739787,0.009411184910280871
9,,,,,,,,,,2.629724436412657,2.634512153986437,2.6409211342151346,2.629724436412657,2.6409211342151346,2.6350525748714095,0.004586978051665201,0.1417910447761194,0.10150375939849623,0.08239700374531835,0.08239700374531835,0.1417910447761194,0.10856393597331132,0.024756111668876105,2.6046160192631964,2.6173692054318307,2.6286951700846353,2.6046160192631964,2.6286951700846353,2.616893464926554,0.009836026394219382
10,,,,,,,,,,2.6064013180705166,2.6248332002091934,2.642224509899433,2.6064013180705166,2.642224509899433,2.624486342726381,0.014626813295858947,0.10820895522388059,0.08646616541353383,0.10486891385767791,0.08646616541353383,0.10820895522388059,0.09984801149836413,0.009560136768915387,2.5758499778918367,2.60819583369377,2.6139467968029924,2.5758499778918367,2.6139467968029924,2.5993308694628663,0.01676867309198409
11,,,,,,,,,,2.5726800484004966,2.6337837501859345,2.620285151554988,2.5726800484004966,2.6337837501859345,2.6089163167138065,0.026208820362688103,0.1828358208955224,0.18421052631578946,0.149812734082397,0.149812734082397,0.18421052631578946,0.17228636043123627,0.01590116064314301,2.4675634298751605,2.586925918894603,2.5761057857270546,2.4675634298751605,2.586925918894603,2.5435317114989395,0.053899002341374264
12,,,,,,,,,,2.45328376564217,2.5951253838772734,2.5671584716209996,2.45328376564217,2.5951253838772734,2.5385225403801477,0.06134478290455952,0.23134328358208955,0.21428571428571427,0.20973782771535582,0.20973782771535582,0.23134328358208955,0.21845560852771992,0.009300177213167444,2.361446135079683,2.5071845126331302,2.4758994400724488,2.361446135079683,2.5071845126331302,2.4481766959284204,0.06264360345177164
13,,,,,,,,,,2.3865154235119537,2.5368090232442366,2.479233844463642,2.3865154235119537,2.5368090232442366,2.4675194304066106,0.06191371497305261,0.26865671641791045,0.2556390977443609,0.23595505617977527,0.23595505617977527,0.26865671641791045,0.2534169567806822,0.013442546346816187,2.2843654796258726,2.4229206035011694,2.3235914966140347,2.2843654796258726,2.4229206035011694,2.343625859913692,0.05831187627828894
14,,,,,,,,,,2.3986364274585408,2.4540425801254258,2.479671441591703,2.3986364274585408,2.479671441591703,2.44411681639189,0.03381872231137589,0.2873134328358209,0.24060150375939848,0.27715355805243447,0.24060150375939848,0.2873134328358209,0.26835616488255126,0.02005902414458074,2.2122413186884637,2.3826625759440256,2.2782659378837558,2.2122413186884637,2.3826625759440256,2.2910566108387482,0.07015959054005749
15,,,,,,,,,,2.3327942827074053,2.431699140614666,2.4588887251340426,2.3327942827074053,2.4588887251340426,2.4077940494853713,0.054182052004614054,0.30597014925373134,0.2857142857142857,0.2846441947565543,0.2846441947565543,0.30597014925373134,0.2921095432415238,0.009810659948365281,2.19266907848529,2.286486277902933,2.248339661051718,2.19266907848529,2.286486277902933,2.2424983391466466,0.038522785533079515
16,,,,,,,,,,2.320311178361749,2.3099340863461455,2.3740377242748556,2.3099340863461455,2.3740377242748556,2.3347609963275837,0.028094092242060425,0.27611940298507465,0.3609022556390977,0.31086142322097376,0.27611940298507465,0.3609022556390977,0.3159610272817154,0.03479978445546942,2.1311788096356747,2.173204551065775,2.147574435459094,2.1311788096356747,2.173204551065775,2.1506525987201814,0.017294450988372723
17,,,,,,,,,,2.303223807458014,2.2771707744580065,2.3319237635685846,2.2771707744580065,2.3319237635685846,2.304106115161535,0.02236151909417215,0.30223880597014924,0.30451127819548873,0.36704119850187267,0.30223880597014924,0.36704119850187267,0.32459709422250355,0.030026849358112874,2.1110293989750875,2.030831310085784,2.124577846419945,2.030831310085784,2.124577846419945,2.088812851826939,0.04137055711535657
18,,,,,,,,,,2.217704457814064,2.265548328615861,2.331423968535203,2.217704457814064,2.331423968535203,2.2715589183217095,0.04661993258341232,0.3656716417910448,0.3533834586466165,0.35580524344569286,0.3533834586466165,0.3656716417910448,0.3582867812944514,0.00531465795819251,2.0507718235699097,2.1271589340123915,2.084338830204939,2.0507718235699097,2.1271589340123915,2.08742319592908,0.03126107957592179
19,,,,,,,,,,2.142101293813746,2.1466017983259773,2.3019157556387095,2.142101293813746,2.3019157556387095,2.1968729492594776,0.0742992014951922,0.3619402985074627,0.45864661654135336,0.35580524344569286,0.35580524344569286,0.45864661654135336,0.39213071949816963,0.04710048226750479,1.956930968298841,1.8118844363922464,2.0220766424686274,1.8118844363922464,2.0220766424686274,1.9302973490532382,0.08785291924348619
20,,,,,,,,,,2.05375291777484,2.055517725596396,2.2304418013646052,2.05375291777484,2.2304418013646052,2.1132374815786137,0.08287910098062311,0.376865671641791,0.5150375939849624,0.36329588014981273,0.36329588014981273,0.5150375939849624,0.4183997152588554,0.06855749175592345,1.8859192684515198,1.7064723878874815,1.9766490334428652,1.7064723878874815,1.9766490334428652,1.8563468965939556,0.11226382270898438
21,,,,,,,,,,1.9516387325720521,1.9711065993185346,2.2107170728536754,1.9516387325720521,2.2107170728536754,2.0444874682480876,0.1178104707978378,0.4925373134328358,0.5601503759398496,0.40823970037453183,0.40823970037453183,0.5601503759398496,0.4869757965824057,0.062141833413227744,1.728619516785465,1.5129928929465157,1.8923981913020103,1.5129928929465157,1.8923981913020103,1.7113368670113303,0.15537291182285068
22,,,,,,,,,,1.8987505263675843,1.854585689724236,2.169086397611178,1.854585689724236,2.169086397611178,1.974140871234333,0.1390214657039032,0.4664179104477612,0.6578947368421053,0.4606741573033708,0.4606741573033708,0.6578947368421053,0.5283289348644125,0.09164686012674944,1.7764523509723038,1.3891784884875877,1.7944216054030573,1.3891784884875877,1.7944216054030573,1.6533508149543164,0.1869420357211153
23,,,,,,,,,,1.872097179150076,1.7471323733600026,2.1004791259765625,1.7471323733600026,2.1004791259765625,1.906569559495547,0.14629819012591874,0.5597014925373134,0.5789473684210527,0.4307116104868914,0.4307116104868914,0.5789473684210527,0.5231201571484191,0.06581340064508083,1.5516908133207863,1.4574330686626578,1.7528596924485338,1.4574330686626578,1.7528596924485338,1.5873278581439927,0.1232118006609724
24,,,,,,,,,,1.830027811100028,1.7753477962285023,2.035556193498465,1.7753477962285023,2.035556193498465,1.880310600275665,0.1120219373394094,0.5783582089552238,0.5676691729323309,0.44569288389513106,0.44569288389513106,0.5783582089552238,0.5305734219275619,0.06017803129205254,1.5063688950752145,1.3513592607096623,1.7336075328262557,1.3513592607096623,1.7336075328262557,1.530445229537044,0.15697810419475433
25,,,,,,,,,,1.7861726745704696,1.687435912582075,1.9886817822089562,1.687435912582075,1.9886817822089562,1.8207634564538335,0.12539181295786636,0.6156716417910447,0.6052631578947368,0.5168539325842697,0.5168539325842697,0.6156716417910447,0.5792629107566838,0.044333918930833424,1.4422325732103034,1.3072503294263567,1.5875536980253926,1.3072503294263567,1.5875536980253926,1.445678866887351,0.11445931538345286
26,,,,,,,,,,1.6818743286105249,1.6672994874052767,1.913963692004864,1.6672994874052767,1.913963692004864,1.754379169340222,0.11300006314044195,0.6044776119402985,0.6541353383458647,0.5131086142322098,0.5131086142322098,0.6541353383458647,0.5905738548394576,0.05840730590543515,1.4220741738134355,1.2509515500606452,1.557099916515279,1.2509515500606452,1.557099916515279,1.4100418801297865,0.12527380050427508
27,,,,,,,,,,1.704492161499053,1.6185557558259405,1.8712346957280086,1.6185557558259405,1.8712346957280086,1.7314275376843342,0.10489930897513162,0.585820895522388,0.6654135338345865,0.5580524344569289,0.5580524344569289,0.6654135338345865,0.6030956212713011,0.04550028224945378,1.4101036573523906,1.143418676871106,1.4647229905432084,1.143418676871106,1.4647229905432084,1.3394151082555685,0.1403727626147266
28,,,,,,,,,,1.6774748977209102,1.5291360415138955,1.8374331364264855,1.5291360415138955,1.8374331364264855,1.6813480252204307,0.12589155523798065,0.6231343283582089,0.6691729323308271,0.6067415730337079,0.6067415730337079,0.6691729323308271,0.6330162779075813,0.026427994640705693,1.3099139341667516,1.1539571007391565,1.3912229100416662,1.1539571007391565,1.3912229100416662,1.2850313149825248,0.09844837773877288
29,,,,,,,,,,1.6712328379324177,1.5464682299625863,1.8464611952121441,1.5464682299625863,1.8464611952121441,1.6880540877023826,0.12304785148516618,0.6380597014925373,0.7105263157894737,0.6217228464419475,0.6217228464419475,0.7105263157894737,0.6567696212413195,0.0385923987748335,1.3646860549699014,1.0893057790913976,1.3593759567996535,1.0893057790913976,1.3646860549699014,1.2711225969536508,0.12858218054046536
30,,,,,,,,,,1.651758410797413,1.5681310666512114,1.787811673604525,1.5681310666512114,1.787811673604525,1.6692337170177165,0.09053151205874527,0.6940298507462687,0.706766917293233,0.6292134831460674,0.6292134831460674,0.706766917293233,0.676670083728523,0.033957374458650325,1.2300274532232711,1.0688447100775582,1.3192314498879936,1.0688447100775582,1.3192314498879936,1.2060345377296076,0.10361828945264834
31,,,,,,,,,,1.6493898085776093,1.6078623054579515,1.6908164171072153,1.6078623054579515,1.6908164171072153,1.649356177047592,0.033865882617461186,0.6791044776119403,0.6691729323308271,0.6067415730337079,0.6067415730337079,0.6791044776119403,0.6516729943254918,0.032028980235535916,1.2454392998965818,1.0974813323271901,1.3058755906780115,1.0974813323271901,1.3058755906780115,1.2162654076339277,0.08754190889972613
32,,,,,,,,,,1.4942822350702305,1.5192235740300672,1.704873908483065,1.4942822350702305,1.704873908483065,1.5727932391944544,0.09394854973893212,0.664179104477612,0.7255639097744361,0.6367041198501873,0.6367041198501873,0.7255639097744361,0.6754823780340784,0.037146902617980974,1.191383537961476,0.9835885368791738,1.2935345766696145,0.9835885368791738,1.2935345766696145,1.1561688838367548,0.12896172764115502
33,,,,,,,,,,1.5333583681110243,1.441418698953964,1.7076406955718995,1.441418698953964,1.7076406955718995,1.5608059208789626,0.11040399746845397,0.7052238805970149,0.7631578947368421,0.6142322097378277,0.6142322097378277,0.7631578947368421,0.6942046616905616,0.061295906889381975,1.1373844502577142,0.9373239619391305,1.2518773878111822,0.9373239619391305,1.2518773878111822,1.108861933336009,0.12999003785065685
34,,,,,,,,,,1.532047529670774,1.4405510518324134,1.6239538742945745,1.4405510518324134,1.6239538742945745,1.5321841519325874,0.0748739510600029,0.7313432835820896,0.7368421052631579,0.6629213483146067,0.6629213483146067,0.7368421052631579,0.710368912386618,0.0336255137482018,1.0871827726933494,0.8878176812838791,1.166834676756841,0.8878176812838791,1.166834676756841,1.0472783769113565,0.11735101630786773
35,,,,,,,,,,1.49452688009523,1.366038278475275,1.6058974266052246,1.366038278475275,1.6058974266052246,1.4888208617252434,0.09800517578044968,0.7164179104477612,0.7368421052631579,0.6704119850187266,0.6704119850187266,0.7368421052631579,0.7078906669098819,0.027782196105757228,1.1003017069688483,0.9144557042229444,1.1289382400584131,0.9144557042229444,1.1289382400584131,1.0478985504167353,0.09507981789728821
36,,,,,,,,,,1.4599892018158311,1.3312371598196993,1.5105065492483285,1.3312371598196993,1.5105065492483285,1.4339109702946196,0.07547376637385916,0.7201492537313433,0.7518796992481203,0.7078651685393258,0.7078651685393258,0.7518796992481203,0.7266313738395965,0.018544237904754807,1.0704437921296304,0.8390348773253592,1.0272562512744232,0.8390348773253592,1.0704437921296304,0.9789116402431377,0.10046698470823583
37,,,,,,,,,,1.4031920850506638,1.3900938031767334,1.5112049139462984,1.3900938031767334,1.5112049139462984,1.4348302673912319,0.05426912089651436,0.7276119402985075,0.7518796992481203,0.7116104868913857,0.7116104868913857,0.7518796992481203,0.7303673754793379,0.016554892192033214,1.0875603832415681,0.8992706151833212,1.045862977201126,0.8992706151833212,1.0875603832415681,1.0108979918753385,0.08074722632174026
38,,,,,,,,,,1.3990576618668662,1.343443682741134,1.4853579704578106,1.343443682741134,1.4853579704578106,1.4092864383552701,0.05838599812666396,0.7686567164179104,0.7481203007518797,0.7153558052434457,0.7153558052434457,0.7686567164179104,0.7440442741377454,0.021950053572089453,0.9877185750363479,0.8570487051081837,1.0498456122276936,0.8570487051081837,1.0498456122276936,0.9648709641240751,0.08034995059949193
39,,,,,,,,,,1.3275424857589782,1.3008548844673677,1.4615874987382156,1.3008548844673677,1.4615874987382156,1.363328289654854,0.07032880463907062,0.75,0.7744360902255639,0.7602996254681648,0.75,0.7744360902255639,0.7615785718979096,0.01001689919937279,0.9851482359331045,0.7971404584726893,0.8789241267054269,0.7971404584726893,0.9851482359331045,0.8870709403704069,0.0769697300938067
40,,,,,,,,,,1.3352529931389987,1.2452689554689025,1.3644203488643354,1.2452689554689025,1.3644203488643354,1.3149807658240789,0.05071151110118977,0.7425373134328358,0.7556390977443609,0.7602996254681648,0.7425373134328358,0.7602996254681648,0.7528253455484538,0.007519434077778147,0.9684818235795889,0.7784802859887144,0.8427463352456968,0.7784802859887144,0.9684818235795889,0.8632361482713332,0.07890931672957797
41,,,,,,,,,,1.2729701256246695,1.2167490558711298,1.4138961819502023,1.2167490558711298,1.4138961819502023,1.3012051211486673,0.0829242970404917,0.7835820895522388,0.7894736842105263,0.7940074906367042,0.7835820895522388,0.7940074906367042,0.7890210881331564,0.004268167393619159,0.9112370957189532,0.7656695578331337,0.7715366618910086,0.7656695578331337,0.9112370957189532,0.8161477718143652,0.06728095504663124
42,,,,,,,,,,1.285378640499648,1.2474332297798765,1.303683700469824,1.2474332297798765,1.303683700469824,1.2788318569164494,0.023426112846907838,0.7798507462686567,0.7593984962406015,0.7565543071161048,0.7565543071161048,0.7798507462686567,0.7652678498751211,0.010376833279391269,0.8506786004820867,0.7926438742114189,0.7963768779561761,0.7926438742114189,0.8506786004820867,0.8132331175498938,0.026521776879367746
43,,,,,,,,,,1.1812062412787494,1.2274972832512099,1.3236136766580435,1.1812062412787494,1.3236136766580435,1.2441057337293342,0.05931188685409916,0.7649253731343284,0.7781954887218046,0.7790262172284644,0.7649253731343284,0.7790262172284644,0.7740490263615324,0.006460305133177929,0.8796211232000323,0.7630698743619417,0.8005981027856748,0.7630698743619417,0.8796211232000323,0.8144297001158828,0.04857662822770083
44,,,,,,,,,,1.23320331153153,1.2392329620009541,1.249613934296828,1.23320331153153,1.249613934296828,1.2406834026097706,0.006777657823368761,0.7686567164179104,0.7781954887218046,0.8014981273408239,0.7686567164179104,0.8014981273408239,0.7827834441601796,0.013794360422054175,0.835229197544838,0.7962436272685689,0.677068309391036,0.677068309391036,0.835229197544838,0.7695137114014811,0.06727844100996033
45,,,,,,,,,,1.2556124318082438,1.2570805709941473,1.2338520673605111,1.2338520673605111,1.2570805709941473,1.2488483567209674,0.0106209032605266,0.7723880597014925,0.7744360902255639,0.7490636704119851,0.7490636704119851,0.7744360902255639,0.7652959401130138,0.011508360496962898,0.8582768369076857,0.7343091530011112,0.7535576273439529,0.7343091530011112,0.8582768369076857,0.7820478724175833,0.05447181051734762
46,,,,,,,,,,1.1823701778128888,1.182310300590211,1.1536770362120408,1.1536770362120408,1.1823701778128888,1.172785838205047,0.013511985581361536,0.7873134328358209,0.7631578947368421,0.7677902621722846,0.7631578947368421,0.7873134328358209,0.7727538632483159,0.010467425883641352,0.8170289050287275,0.7707883150953996,0.6894537035222357,0.6894537035222357,0.8170289050287275,0.7590903078821208,0.05273512769446275
47,,,,,,,,,,1.1447654172404882,1.1923567436843052,1.2074686490572415,1.1447654172404882,1.2074686490572415,1.1815302699940116,0.026718697816215272,0.7835820895522388,0.7669172932330827,0.7827715355805244,0.7669172932330827,0.7835820895522388,0.7777569727886152,0.007671950603127368,0.7794936806408327,0.730721424396773,0.7074842969799756,0.7074842969799756,0.7794936806408327,0.7392331340058605,0.030007496109652344
48,,,,,,,,,,1.1681402365826,1.13093745719917,1.1492956693355854,1.13093745719917,1.1681402365826,1.149457787705785,0.015188403695747792,0.7686567164179104,0.8082706766917294,0.8014981273408239,0.7686567164179104,0.8082706766917294,0.7928085068168214,0.01730026186280239,0.895410210338991,0.7131282548259076,0.6362038802788053,0.6362038802788053,0.895410210338991,0.7482474484812346,0.10869528879109025
49,,,,,,,,,,1.170801316956794,1.1302980062024852,1.1843026858109695,1.1302980062024852,1.1843026858109695,1.1618006696567496,0.022947550250787225,0.8022388059701493,0.7894736842105263,0.797752808988764,0.7894736842105263,0.8022388059701493,0.79648843305648,0.005287473767191313,0.797312117334622,0.7367918536179048,0.69279725364085,0.69279725364085,0.797312117334622,0.7423004081977922,0.04284543782327073
50,,,,,,,,,,1.1779335951988867,1.17157196626425,1.1625133386025062,1.1625133386025062,1.1779335951988867,1.1706729666885478,0.00632730740796797,0.7947761194029851,0.7819548872180451,0.8277153558052435,0.7819548872180451,0.8277153558052435,0.8014821208087578,0.019274040615478338,0.7690133621443563,0.6960994516100202,0.6254461992545968,0.6254461992545968,0.7690133621443563,0.6968530043363245,0.05861347084267222
51,,,,,,,,,,1.1740155004122812,1.1629991510759512,1.136605638724107,1.136605638724107,1.1740155004122812,1.1578734300707796,0.0156966917905063,0.8097014925373134,0.8120300751879699,0.8352059925093633,0.8097014925373134,0.8352059925093633,0.8189791867448822,0.01151339779789567,0.7437242616468401,0.6341954415902159,0.5626569133572811,0.5626569133572811,0.7437242616468401,0.6468588721981123,0.07446080852915793
52,,,,,,,,,,1.1297261960703973,1.0880250521970414,1.0588831103765048,1.0588831103765048,1.1297261960703973,1.0922114528813145,0.029072669418487736,0.7723880597014925,0.8157894736842105,0.8352059925093633,0.7723880597014925,0.8352059925093633,0.8077945086316888,0.02626103285867773,0.8036071889436067,0.6384459935632864,0.5270016591870383,0.5270016591870383,0.8036071889436067,0.6563516138979771,0.11363131376709952
53,,,,,,,,,,1.1104983400287884,1.1362528159684795,1.024126647068904,1.024126647068904,1.1362528159684795,1.0902926010220575,0.047953264432710085,0.7910447761194029,0.7894736842105263,0.8426966292134831,0.7894736842105263,0.8426966292134831,0.8077383631811376,0.02472754679081237,0.7522028159739366,0.6849275926001986,0.5232424146673652,0.5232424146673652,0.7522028159739366,0.6534576077471668,0.09608498426429281
54,,,,,,,,,,1.0822557468175429,1.1245374656662588,1.0799183992239145,1.0799183992239145,1.1245374656662588,1.0955705372359053,0.020504926326133946,0.7947761194029851,0.8045112781954887,0.8314606741573034,0.7947761194029851,0.8314606741573034,0.8102493572519257,0.015516299018002227,0.728793503633186,0.660200083614292,0.5377744563509909,0.5377744563509909,0.728793503633186,0.642256014532823,0.07900869706367677
55,,,,,,,,,,1.0047342650922506,1.1070275343346205,1.05366881443904,1.0047342650922506,1.1070275343346205,1.0551435379553036,0.0417740696298558,0.7835820895522388,0.8045112781954887,0.846441947565543,0.7835820895522388,0.846441947565543,0.8115117717710901,0.026135488262637816,0.7772111456785629,0.6331107244455725,0.5353901906406389,0.5353901906406389,0.7772111456785629,0.6485706869215914,0.0993264026788559
56,,,,,,,,,,1.092280046673409,1.0775660534642502,1.1093608856201171,1.0775660534642502,1.1093608856201171,1.093068995252592,0.012992168611651776,0.8022388059701493,0.7857142857142857,0.8277153558052435,0.7857142857142857,0.8277153558052435,0.8052228158298927,0.017276201517862112,0.7388323109541366,0.6910743045627623,0.5456248008356559,0.5456248008356559,0.7388323109541366,0.6585104721175182,0.08216888250908268
57,,,,,,,,,,1.0274512594375538,1.0650159537391406,1.1124116723354047,1.0274512594375538,1.1124116723354047,1.0682929618373664,0.03476225948256919,0.8171641791044776,0.8345864661654135,0.8314606741573034,0.8171641791044776,0.8345864661654135,0.8277371064757316,0.0075843144633227135,0.7223810927191777,0.5674601206205842,0.5724130266168145,0.5674601206205842,0.7223810927191777,0.6207514133188589,0.07189147664227698
58,,,,,,,,,,1.0333072310008524,0.9726551616569761,1.0860195893507738,0.9726551616569761,1.0860195893507738,1.030660660669534,0.04631865439521125,0.8097014925373134,0.8157894736842105,0.846441947565543,0.8097014925373134,0.846441947565543,0.8239776379290222,0.016077930716676035,0.7569099593518386,0.6027768877215851,0.519258813688371,0.519258813688371,0.7569099593518386,0.6263152202539316,0.09843798922026042
59,,,,,,,,,,1.067238580169935,1.0320234554072736,1.0838247436743516,1.0320234554072736,1.0838247436743516,1.0610289264171866,0.02159881503430211,0.8134328358208955,0.8421052631578947,0.8651685393258427,0.8134328358208955,0.8651685393258427,0.8402355461015443,0.021162350778226507,0.6945296410304397,0.5462091910211664,0.502514071455609,0.502514071455609,0.6945296410304397,0.5810843011690717,0.08217744913968413
60,,,,,,,,,,0.9944864584416553,0.9700955318557197,1.0339193830123314,0.9700955318557197,1.0339193830123314,0.9995004577699023,0.026296085083310744,0.7798507462686567,0.8421052631578947,0.850187265917603,0.7798507462686567,0.850187265917603,0.8240477584480516,0.03142569655914471,0.7891751198626277,0.526812720119505,0.4851835228307417,0.4851835228307417,0.7891751198626277,0.600390454270958,0.13456840884508167
61,,,,,,,,,,1.0143925532095694,1.03202406788651,1.0069622645011316,1.0069622645011316,1.03202406788651,1.017792961865737,0.010510172263210726,0.835820895522388,0.8308270676691729,0.850187265917603,0.8308270676691729,0.850187265917603,0.8389450763697214,0.008206692331252648,0.6860894231653926,0.560408984359942,0.4717191638571493,0.4717191638571493,0.6860894231653926,0.572739190460828,0.08794952152925983
62,,,,,,,,,,1.0066380585778885,0.9985820617845262,0.9502268992937528,0.9502268992937528,1.0066380585778885,0.985149006552056,0.024911710132706415,0.7947761194029851,0.8270676691729323,0.8614232209737828,0.7947761194029851,0.8614232209737828,0.8277556698499001,0.027212914160323298,0.7211741449227974,0.5480937670944328,0.48195783978097895,0.48195783978097895,0.7211741449227974,0.5837419172660697,0.10086030973387759
63,,,,,,,,,,1.0048732108693132,0.9508401942756975,0.958853085224445,0.9508401942756975,1.0048732108693132,0.9715221634564853,0.023808554176859134,0.8022388059701493,0.8383458646616542,0.850187265917603,0.8022388059701493,0.850187265917603,0.8302573121831355,0.020393335737138172,0.7491162188017546,0.5221501938382486,0.44974774680334084,0.44974774680334084,0.7491162188017546,0.5736713864811147,0.12753089945884685
64,,,,,,,,,,0.941045319988089,0.9452646387871587,0.9280589984013484,0.9280589984013484,0.9452646387871587,0.9381229857255321,0.007321818691556646,0.8246268656716418,0.8157894736842105,0.8576779026217228,0.8157894736842105,0.8576779026217228,0.8326980806591918,0.018028098499189033,0.6779211457095929,0.5484146746925842,0.4907621756921547,0.4907621756921547,0.6779211457095929,0.5723659986981106,0.0782618231992686
65,,,,,,,,,,1.0436478906054487,0.9442208944663305,0.937166114953848,0.937166114953848,1.0436478906054487,0.9750116333418758,0.04861854472562203,0.7985074626865671,0.8421052631578947,0.8614232209737828,0.7985074626865671,0.8614232209737828,0.8340119822727482,0.02631506611339144,0.7343288286408381,0.5195880442633665,0.48651279458838903,0.48651279458838903,0.7343288286408381,0.5801432224975313,0.10985867858784075
66,,,,,,,,,,0.9452157277822035,0.9114588980028884,1.0519902972074655,0.9114588980028884,1.0519902972074655,0.9695549743308525,0.05989751098065203,0.8097014925373134,0.849624060150376,0.8426966292134831,0.8097014925373134,0.849624060150376,0.8340073939670575,0.017417997551970623,0.6726889512432155,0.5310184543294117,0.503355492590072,0.503355492590072,0.6726889512432155,0.569020966054233,0.07416916802331165
67,,,,,,,,,,0.9152735366067904,1.004907865660564,0.9319190658055819,0.9152735366067904,1.004907865660564,0.9507001560243121,0.03892835512051248,0.8097014925373134,0.8646616541353384,0.8539325842696629,0.8097014925373134,0.8646616541353384,0.8427652436474382,0.023786368128963377,0.6875468964007363,0.5162564722218907,0.4493392958176716,0.4493392958176716,0.6875468964007363,0.5510475548134329,0.10031128156827242
68,,,,,,,,,,0.9154634597443891,0.915987739359153,0.9085725931020884,0.9085725931020884,0.915987739359153,0.9133412640685434,0.003378745760224083,0.8134328358208955,0.8609022556390977,0.8689138576779026,0.8134328358208955,0.8689138576779026,0.847749649712632,0.024485087006408637,0.6462640877979905,0.4791587644949892,0.41903315032466076,0.41903315032466076,0.6462640877979905,0.5148186675392135,0.09613253438212158
69,,,,,,,,,,0.8757639667431972,0.9884225037324669,0.9246672685329731,0.8757639667431972,0.9884225037324669,0.929617913002879,0.0461256844548401,0.8171641791044776,0.8609022556390977,0.8539325842696629,0.8171641791044776,0.8609022556390977,0.8439996730044127,0.01918770230103251,0.644451958919639,0.5011616541927022,0.47234864047404085,0.47234864047404085,0.644451958919639,0.5393207511954607,0.0752638716695963
70,,,,,,,,,,0.8775627911665077,0.9084156244907324,0.9584270605674157,0.8775627911665077,0.9584270605674157,0.9148018254082185,0.03332011592671441,0.8208955223880597,0.8571428571428571,0.8689138576779026,0.8208955223880597,0.8689138576779026,0.8489840790696065,0.020434682539551215,0.6281734429188629,0.49270861041276975,0.4599989860245351,0.4599989860245351,0.6281734429188629,0.5269603464520559,0.07280360821737812
71,,,,,,,,,,0.8902855510886235,0.8868620714009896,0.8495422473320594,0.8495422473320594,0.8902855510886235,0.8755632899405574,0.018452661002646125,0.8171641791044776,0.8721804511278195,0.8838951310861424,0.8171641791044776,0.8838951310861424,0.8577465871061465,0.02909189246785575,0.7041020909352089,0.48689031735398713,0.4113210587019331,0.4113210587019331,0.7041020909352089,0.5341044889970431,0.12410228768197785
72,,,,,,,,,,0.8853207609557003,0.9453973744375905,0.9191413659315842,0.8853207609557003,0.9453973744375905,0.9166198337749584,0.024590898928611528,0.7910447761194029,0.8721804511278195,0.8614232209737828,0.7910447761194029,0.8721804511278195,0.841549482740335,0.03598123161961477,0.7168502976645285,0.4550490430871347,0.4277247101180116,0.4277247101180116,0.7168502976645285,0.5332080169565582,0.13033295884201246
73,,,,,,,,,,0.9425447305273229,0.8990282497076205,0.9185683910663311,0.8990282497076205,0.9425447305273229,0.9200471237670915,0.01779627327154209,0.8246268656716418,0.8421052631578947,0.8689138576779026,0.8246268656716418,0.8689138576779026,0.845215328835813,0.018213343032538486,0.6993582382130978,0.5365451085836368,0.44449260574155086,0.44449260574155086,0.6993582382130978,0.5601319841794284,0.10537671526182917
74,,,,,,,,,,0.9963589079807259,0.8616468419144637,0.8803996810546288,0.8616468419144637,0.9963589079807259,0.9128018103166061,0.059577728900950123,0.8171641791044776,0.8533834586466166,0.8689138576779026,0.8171641791044776,0.8689138576779026,0.8464871651429989,0.021682196324469088,0.7432854326803293,0.4947327424709062,0.4385604661390576,0.4385604661390576,0.7432854326803293,0.5588595470967644,0.13240974690214977
75,,,,,,,,,,0.8723694768255157,0.8592256690651952,0.8535723557839027,0.8535723557839027,0.8723694768255157,0.8617225005582045,0.007874370471837741,0.8097014925373134,0.8609022556390977,0.8913857677902621,0.8097014925373134,0.8913857677902621,0.8539965053222245,0.03370308834987402,0.6883320559316607,0.4740338914824608,0.37893279873476493,0.37893279873476493,0.6883320559316607,0.5137662487162955,0.12939853231268508
76,,,,,,,,,,0.9016609660462837,0.912144822414739,0.8622472973970267,0.8622472973970267,0.912144822414739,0.8920176952860164,0.021481546405231575,0.8432835820895522,0.8571428571428571,0.8876404494382022,0.8432835820895522,0.8876404494382022,0.8626889628902038,0.01852839958850551,0.6254157993330884,0.4653056824117675,0.41940916231955483,0.41940916231955483,0.6254157993330884,0.5033768813548035,0.08830532549107338
77,,,,,,,,,,0.8498944784290299,0.8661382988768055,0.9090757663433369,0.8498944784290299,0.9090757663433369,0.8750361812163908,0.024966450053299557,0.832089552238806,0.8721804511278195,0.8913857677902621,0.832089552238806,0.8913857677902621,0.8652185903856292,0.024703048710991462,0.6283535841685622,0.4458560659024948,0.3873707250262914,0.3873707250262914,0.6283535841685622,0.48719345836578287,0.10263128052026442
78,,,,,,,,,,0.8408282491627915,0.9283580943212042,0.8401614088278551,0.8401614088278551,0.9283580943212042,0.8697825841039503,0.041420035143368235,0.8246268656716418,0.8609022556390977,0.8764044943820225,0.8246268656716418,0.8764044943820225,0.8539778718975873,0.02169778831075156,0.5903138086866977,0.5222958637807602,0.4506399298875073,0.4506399298875073,0.5903138086866977,0.5210832007849884,0.05702806921951516
79,,,,,,,,,,0.8179950160557594,0.8834117378441905,0.9482348350378184,0.8179950160557594,0.9482348350378184,0.8832138629792561,0.05317036754914338,0.832089552238806,0.8571428571428571,0.898876404494382,0.832089552238806,0.898876404494382,0.8627029379586816,0.02754761674580834,0.5681359082905214,0.4643177291504422,0.39577435397923216,0.39577435397923216,0.5681359082905214,0.47607599714006527,0.07085581133888606
80,,,,,,,,,,0.8177435406140968,0.830959381218946,0.8854535267903254,0.8177435406140968,0.8854535267903254,0.8447188162077893,0.029304744728518205,0.832089552238806,0.8834586466165414,0.8838951310861424,0.832089552238806,0.8838951310861424,0.8664811099804965,0.024319156545106295,0.647720431658759,0.4134528403891657,0.4110976906304949,0.4110976906304949,0.647720431658759,0.4907569875594732,0.11099408023322282
81,,,,,,,,,,0.8299379238503517,0.8892196530223924,0.8597929230103126,0.8299379238503517,0.8892196530223924,0.8596501666276856,0.02420187510566595,0.8395522388059702,0.8759398496240601,0.8876404494382022,0.8395522388059702,0.8876404494382022,0.8677108459560774,0.020476106017799242,0.6279101015916512,0.4384347648548901,0.3976020263821891,0.3976020263821891,0.6279101015916512,0.48798229760957673,0.1003383305894923
82,,,,,,,,,,0.7733328668598035,0.8689264774780566,0.838642312013186,0.7733328668598035,0.8689264774780566,0.8269672187836821,0.039889559613151535,0.835820895522388,0.8796992481203008,0.8801498127340824,0.835820895522388,0.8801498127340824,0.865223318792257,0.02079146656240168,0.6300375256965409,0.45002564944719015,0.4048453823903973,0.4048453823903973,0.6300375256965409,0.49496951917804277,0.09727226025094571
83,,,,,,,,,,0.8637549439606639,0.8214601510196323,0.8587076141284062,0.8214601510196323,0.8637549439606639,0.8479742363695676,0.0188611845875179,0.835820895522388,0.8533834586466166,0.8764044943820225,0.835820895522388,0.8764044943820225,0.8552029495170089,0.016618063151693546,0.5526391539111066,0.48470485994690343,0.43391542923584414,0.43391542923584414,0.5526391539111066,0.4904198143646181,0.048636928550154834
84,,,,,,,,,,0.7649038455849209,0.8594832211933264,0.8489647645216721,0.7649038455849209,0.8594832211933264,0.8244506104333066,0.042324322287309514,0.835820895522388,0.8759398496240601,0.8913857677902621,0.835820895522388,0.8913857677902621,0.8677155043122368,0.023417851444177854,0.5515926217854913,0.41791030271609025,0.4136770980411701,0.4136770980411701,0.5515926217854913,0.4610600075142506,0.06403954866874005
85,,,,,,,,,,0.7997790230491947,0.818190324604225,0.8280478349098792,0.7997790230491947,0.8280478349098792,0.815339060854433,0.011715480065049355,0.8134328358208955,0.8609022556390977,0.8838951310861424,0.8134328358208955,0.8838951310861424,0.8527434075153786,0.029338925969220976,0.5789690729397446,0.4750962185680418,0.4297940492183528,0.4297940492183528,0.5789690729397446,0.4946197802420464,0.062445571078064734
86,,,,,,,,,,0.767991860707601,0.7929234011143474,0.8177052607903114,0.767991860707601,0.8177052607903114,0.7928735075374199,0.02029544126107588,0.8208955223880597,0.8834586466165414,0.8726591760299626,0.8208955223880597,0.8834586466165414,0.8590044483448546,0.027305369672440478,0.609285488947114,0.39585577982260767,0.45840554815553103,0.39585577982260767,0.609285488947114,0.48784893897508425,0.08958513690509735
87,,,,,,,,,,0.7302420298947535,0.8171379800946752,0.829632095190195,0.7302420298947535,0.829632095190195,0.7923373683932079,0.04420331077670727,0.8432835820895522,0.868421052631579,0.8801498127340824,0.8432835820895522,0.8801498127340824,0.8639514824850713,0.015378828162007656,0.5284201645139438,0.43463245011810075,0.40584797448433296,0.40584797448433296,0.5284201645139438,0.4563001963721258,0.0523329333081975
88,,,,,,,,,,0.7709695331048874,0.7823450203759525,0.8358102734272297,0.7709695331048874,0.8358102734272297,0.7963749423026899,0.028269057681973485,0.8395522388059702,0.8759398496240601,0.8651685393258427,0.8395522388059702,0.8759398496240601,0.8602202092519576,0.015261695693298749,0.576354264768202,0.41383523914150727,0.43044774105932826,0.41383523914150727,0.576354264768202,0.47354574832301255,0.0730122688102851
89,,,,,,,,,,0.7865017347023436,0.8007376914008321,0.779357150884775,0.779357150884775,0.8007376914008321,0.7888655256626502,0.008887163363252643,0.8283582089552238,0.8947368421052632,0.8876404494382022,0.8283582089552238,0.8947368421052632,0.8702451668328964,0.02975990174049321,0.5725455524316475,0.3885819069424966,0.38590725062045267,0.38590725062045267,0.5725455524316475,0.4490115699981989,0.0873585411146155
90,,,,,,,,,,0.7861339652010012,0.8252407386827423,0.7766318027789776,0.7766318027789776,0.8252407386827423,0.7960021688875737,0.021035576934071133,0.8507462686567164,0.8759398496240601,0.8726591760299626,0.8507462686567164,0.8759398496240601,0.8664484314369131,0.011183593393586162,0.5300217084030607,0.4373005729420741,0.43540702531400244,0.43540702531400244,0.5300217084030607,0.4675764355530457,0.044162242218434795
91,,,,,,,,,,0.8309857930291824,0.8365787375328291,0.7073252962185786,0.7073252962185786,0.8365787375328291,0.7916299422601968,0.05965609924227977,0.835820895522388,0.8796992481203008,0.898876404494382,0.835820895522388,0.898876404494382,0.8714655160456903,0.0263924870728604,0.6018671482356627,0.4008897401784596,0.4189670232128115,0.4008897401784596,0.6018671482356627,0.47390797054231126,0.09078127709847456
92,,,,,,,,,,0.7320481930394623,0.8335172670260859,0.7746244962398823,0.7320481930394623,0.8335172670260859,0.7800633187684768,0.041602714949859385,0.8507462686567164,0.8909774436090225,0.8801498127340824,0.8507462686567164,0.8909774436090225,0.8739578416666071,0.01699788690369294,0.6272981713956861,0.4023620733865222,0.42029604081357463,0.4023620733865222,0.6272981713956861,0.48331876186526096,0.10207173808476092
93,,,,,,,,,,0.7661385374262154,0.7390426004539878,0.7559696454268235,0.7390426004539878,0.7661385374262154,0.7537169277690089,0.011175971329452142,0.832089552238806,0.8947368421052632,0.8951310861423221,0.832089552238806,0.8951310861423221,0.8739858268287971,0.0296255770743248,0.6146155867113996,0.41154130979588155,0.3698163390829322,0.3698163390829322,0.6146155867113996,0.4653244118634044,0.10693030272369043
94,,,,,,,,,,0.7933241404549924,0.838992771337401,0.7265333038109999,0.7265333038109999,0.838992771337401,0.786283405201131,0.046180529257589656,0.8171641791044776,0.8872180451127819,0.8876404494382022,0.8171641791044776,0.8876404494382022,0.8640075578851539,0.033123719678864266,0.7005330964700499,0.40095645581421097,0.3834081833505452,0.3834081833505452,0.7005330964700499,0.4949659118782687,0.1455343854039504
95,,,,,,,,,,0.7696827066656712,0.7992896006498968,0.7730863286898686,0.7696827066656712,0.7992896006498968,0.7806862120018122,0.013227766569220062,0.8507462686567164,0.8834586466165414,0.898876404494382,0.8507462686567164,0.898876404494382,0.8776937732558799,0.020067433278596492,0.5724062519286995,0.3948919629692135,0.39347601852166963,0.39347601852166963,0.5724062519286995,0.4535914111398609,0.08401676824074046
96,,,,,,,,,,0.780485477750701,0.7461461755201063,0.7148041459230277,0.7148041459230277,0.780485477750701,0.7471452663979449,0.0268235962615116,0.8544776119402985,0.868421052631579,0.8726591760299626,0.8544776119402985,0.8726591760299626,0.86518594686728,0.007767099422834373,0.5149167357985653,0.3974002334184216,0.395889553461182,0.395889553461182,0.5149167357985653,0.43606884089272296,0.05575729211977791
97,,,,,,,,,,0.7150217755796363,0.7517909852503356,0.7920193543800941,0.7150217755796363,0.7920193543800941,0.7529440384033553,0.031444702086503566,0.8470149253731343,0.9060150375939849,0.8951310861423221,0.8470149253731343,0.9060150375939849,0.882720349703147,0.02563556247013436,0.5457227728260097,0.4185401689737363,0.3720650828063265,0.3720650828063265,0.5457227728260097,0.4454426748686908,0.07340325580115248
98,,,,,,,,,,0.7499620877134547,0.745063464705699,0.7583715035365178,0.745063464705699,0.7583715035365178,0.7511323519852238,0.0054956414991021284,0.8544776119402985,0.8872180451127819,0.9176029962546817,0.8544776119402985,0.9176029962546817,0.8864328844359207,0.0257768099160985,0.5191925550574688,0.40967222616860743,0.36460608277428014,0.36460608277428014,0.5191925550574688,0.43115695466678544,0.06491245141070433
99,,,,,,,,,,0.7318323962031532,0.761659263362115,0.7075647390805758,0.7075647390805758,0.761659263362115,0.7336854662152814,0.022122835723355987,0.8432835820895522,0.9135338345864662,0.898876404494382,0.8432835820895522,0.9135338345864662,0.8852312737234668,0.030259066842701042,0.5445115392777458,0.38326815846271084,0.40129184309909405,0.38326815846271084,0.5445115392777458,0.4430238469465169,0.0721388802842895
100,,,,,,,,,,0.6968461399133494,0.7752024034659067,0.704019335600046,0.6968461399133494,0.7752024034659067,0.7253559596597675,0.03536820280212973,0.8432835820895522,0.8909774436090225,0.8951310861423221,0.8432835820895522,0.8951310861423221,0.8764640372802989,0.02352332376702566,0.6772449207839681,0.41309051876677605,0.37304235330681673,0.37304235330681673,0.6772449207839681,0.48779259761918703,0.134957032553764
101,,,,,,,,,,0.7189276995916127,0.748263806362317,0.746358597278595,0.7189276995916127,0.748263806362317,0.7378500344108416,0.013402699272196995,0.8544776119402985,0.9135338345864662,0.8764044943820225,0.8544776119402985,0.9135338345864662,0.8814719803029291,0.024374425374113922,0.5992124881317367,0.3725453675689554,0.4024213617214103,0.3725453675689554,0.5992124881317367,0.4580597391407008,0.10055253243104378
102,,,,,,,,,,0.726249262776678,0.7256946819659956,0.6914798901631282,0.6914798901631282,0.726249262776678,0.7144746116352673,0.01626129969497796,0.8395522388059702,0.8984962406015038,0.8951310861423221,0.8395522388059702,0.8984962406015038,0.877726521849932,0.027028231913734466,0.5732834205698611,0.37381050618071304,0.39246746127525073,0.37381050618071304,0.5732834205698611,0.446520462675275,0.0899579757960659
103,,,,,,,,,,0.7218717682338633,0.6990918984330696,0.7696304477178133,0.6990918984330696,0.7696304477178133,0.7301980381282487,0.029392933522244938,0.8432835820895522,0.9060150375939849,0.8876404494382022,0.8432835820895522,0.9060150375939849,0.8789796897072465,0.02633205203757281,0.5708799061935339,0.3874496963239254,0.3526754810122515,0.3526754810122515,0.5708799061935339,0.43700169450990356,0.09572475536781089
104,,,,,,,,,,0.6668212834121174,0.6440857422111357,0.7462444818936862,0.6440857422111357,0.7462444818936862,0.6857171691723131,0.04379416169139865,0.8432835820895522,0.8947368421052632,0.898876404494382,0.8432835820895522,0.898876404494382,0.8789656095630658,0.025287537215774685,0.5553223206036126,0.4099042855931404,0.34818015350831133,0.34818015350831133,0.5553223206036126,0.4378022532350214,0.08683582899604292
105,,,,,,,,,,0.6629417558166563,0.7137213675135266,0.7124016339962299,0.6629417558166563,0.7137213675135266,0.6963549191088042,0.023632816661441746,0.8208955223880597,0.8646616541353384,0.8951310861423221,0.8208955223880597,0.8951310861423221,0.8602294208885733,0.030468160978783333,0.6673441751679378,0.41938025201845885,0.3647415674804302,0.3647415674804302,0.6673441751679378,0.4838219982222756,0.13167292441289957
106,,,,,,,,,,0.7033345546566223,0.7415071436696964,0.729208098925077,0.7033345546566223,0.7415071436696964,0.7246832657504653,0.015908953965902688,0.8507462686567164,0.8834586466165414,0.9063670411985019,0.8507462686567164,0.9063670411985019,0.8801906521572532,0.022824364545746746,0.5871364945795998,0.4215968859599049,0.3489458126744974,0.3489458126744974,0.5871364945795998,0.45255973107133407,0.09967521781482824
107,,,,,,,,,,0.650706290854195,0.7761812893732823,0.6811204396761381,0.650706290854195,0.7761812893732823,0.7026693399678718,0.05344317942873881,0.8507462686567164,0.8984962406015038,0.9176029962546817,0.8507462686567164,0.9176029962546817,0.8889485018376341,0.028116720919581627,0.6141955816923682,0.4086078199228846,0.35711672567249686,0.35711672567249686,0.6141955816923682,0.4599733757625832,0.11105914279686697
108,,,,,,,,,,0.6942515407683533,0.654514073466705,0.695996479346202,0.654514073466705,0.695996479346202,0.6815873645270867,0.019156957296505916,0.8432835820895522,0.8947368421052632,0.9101123595505618,0.8432835820895522,0.9101123595505618,0.8827109279151258,0.028577244249165534,0.5757299225721786,0.38944893828908306,0.34035595570610705,0.34035595570610705,0.5757299225721786,0.4351782721891229,0.10138574868219444
109,,,,,,,,,,0.6710929860843629,0.7562931144500901,0.770732595370366,0.6710929860843629,0.770732595370366,0.732706231968273,0.04396414223413688,0.8544776119402985,0.8834586466165414,0.8876404494382022,0.8544776119402985,0.8876404494382022,0.8751922359983473,0.01474660652736838,0.5823018888928997,0.42580392654228927,0.33569360929035513,0.33569360929035513,0.5823018888928997,0.4479331415751813,0.10188617017898187
110,,,,,,,,,,0.7143054418481154,0.7187079996815332,0.6927302938241225,0.6927302938241225,0.7187079996815332,0.7085812451179238,0.011351508609225763,0.8283582089552238,0.9060150375939849,0.9063670411985019,0.8283582089552238,0.9063670411985019,0.8802467625825702,0.03669102955571838,0.716158194328422,0.38077189061874733,0.32676704568362863,0.32676704568362863,0.716158194328422,0.474565710210266,0.17224851640561406
111,,,,,,,,,,0.6890034620472462,0.7197917148427936,0.7174405721517709,0.6890034620472462,0.7197917148427936,0.7087452496806036,0.013992512335979902,0.8246268656716418,0.8872180451127819,0.8726591760299626,0.8246268656716418,0.8872180451127819,0.8615013622714621,0.026743055695018444,0.5743157854720727,0.42024981891526314,0.3641512521197287,0.3641512521197287,0.5743157854720727,0.4529056188356882,0.08885225084800143
112,,,,,,,,,,0.7006012293185343,0.7070371253231645,0.7078128328690162,0.7006012293185343,0.7078128328690162,0.7051503958369051,0.003232297176732735,0.8582089552238806,0.8796992481203008,0.9026217228464419,0.8582089552238806,0.9026217228464419,0.8801766420635412,0.01813457858542972,0.5333632782324037,0.41806339758231226,0.3234077494465903,0.3234077494465903,0.5333632782324037,0.4249448084204354,0.08585199037985825
113,,,,,,,,,,0.7230381444240122,0.704142538145342,0.699587213076078,0.699587213076078,0.7230381444240122,0.7089226318818107,0.010152947597239963,0.8470149253731343,0.8984962406015038,0.8838951310861424,0.8470149253731343,0.8984962406015038,0.8764687656869268,0.021663250474673882,0.5946197362978067,0.4051489267582284,0.32471760359596225,0.32471760359596225,0.5946197362978067,0.44149542221733246,0.11314471885854865
114,,,,,,,,,,0.6800426993526245,0.6922530820459042,0.6869813543099623,0.6800426993526245,0.6922530820459042,0.6864257119028304,0.005000327672099001,0.8544776119402985,0.8759398496240601,0.9063670411985019,0.8544776119402985,0.9063670411985019,0.87892816758762,0.02128889773839916,0.5523558441382735,0.49717563525178377,0.33525655209348443,0.33525655209348443,0.5523558441382735,0.461596010494514,0.09213199923656007
115,,,,,,,,,,0.7068219104483867,0.6913915531894087,0.7335334420204163,0.6913915531894087,0.7335334420204163,0.7105823018860705,0.017408620592199033,0.8432835820895522,0.8909774436090225,0.8951310861423221,0.8432835820895522,0.8951310861423221,0.8764640372802989,0.02352332376702566,0.5980777602587173,0.40738990303493083,0.35022989741425387,0.35022989741425387,0.5980777602587173,0.45189918690263403,0.10596523971552756
116,,,,,,,,,,0.7323681532417878,0.7170687692595948,0.6386852562427521,0.6386852562427521,0.7323681532417878,0.6960407262480449,0.04103458088169604,0.832089552238806,0.9135338345864662,0.9101123595505618,0.832089552238806,0.9135338345864662,0.8852452487919447,0.0376126989184269,0.5732356434437766,0.3965413500939993,0.3057545358768563,0.3057545358768563,0.5732356434437766,0.4251771764715441,0.11106017480192219
117,,,,,,,,,,0.7074848799347189,0.698916625907854,0.6423935738893656,0.6423935738893656,0.7074848799347189,0.6829316932439795,0.028877420070289206,0.8544776119402985,0.8947368421052632,0.8876404494382022,0.8544776119402985,0.8947368421052632,0.8789516344945879,0.017546567227659876,0.5577021712687478,0.4187176548000565,0.3438290080774143,0.3438290080774143,0.5577021712687478,0.4400829447154062,0.08861071866406042
118,,,,,,,,,,0.6888440615983827,0.713392378960975,0.6967216106561515,0.6888440615983827,0.713392378960975,0.6996526837385031,0.010233877186228141,0.8395522388059702,0.8834586466165414,0.8913857677902621,0.8395522388059702,0.8913857677902621,0.8714655510709246,0.02279699449951066,0.5865154871300086,0.45509427886708337,0.3992949552303843,0.3992949552303843,0.5865154871300086,0.48030157374249205,0.07848327922726137
119,,,,,,,,,,0.7048499949405648,0.7636926641954355,0.6746750134688158,0.6746750134688158,0.7636926641954355,0.7144058908682721,0.03696414384650341,0.8171641791044776,0.8909774436090225,0.8876404494382022,0.8171641791044776,0.8909774436090225,0.8652606907172341,0.03403664402288646,0.6370893529991606,0.4475738749020082,0.35121609477068155,0.35121609477068155,0.6370893529991606,0.47862644089061673,0.11875486329241239
120,,,,,,,,,,0.7037503681430927,0.6752844686180668,0.6844522934693557,0.6752844686180668,0.7037503681430927,0.6878290434101717,0.011863914167601347,0.835820895522388,0.8909774436090225,0.8876404494382022,0.835820895522388,0.8909774436090225,0.871479596189871,0.025251284884719307,0.6261534913262324,0.3998064411089833,0.38552222381370344,0.38552222381370344,0.6261534913262324,0.47049405208297307,0.1102222164087294
121,,,,,,,,,,0.7034117223440107,0.702292137427701,0.7215348152013925,0.702292137427701,0.7215348152013925,0.7090795583243681,0.008819048909442379,0.832089552238806,0.8947368421052632,0.8913857677902621,0.832089552238806,0.8947368421052632,0.8727373873781105,0.028774899952333684,0.557234935796083,0.41690702120164286,0.36884760052970283,0.36884760052970283,0.557234935796083,0.4476631858424762,0.07992456138865121
122,,,,,,,,,,0.6962003398952227,0.7471687885915627,0.6927680767499483,0.6927680767499483,0.7471687885915627,0.7120457350789112,0.02487524570885729,0.835820895522388,0.8646616541353384,0.8951310861423221,0.835820895522388,0.8951310861423221,0.8652045452666828,0.024216326805533452,0.5373460339076483,0.431038518205173,0.3410604761334394,0.3410604761334394,0.5373460339076483,0.43648167608208693,0.08022562360176384
123,,,,,,,,,,0.6571542758473082,0.6648027395881447,0.6594249248504639,0.6571542758473082,0.6648027395881447,0.6604606467619724,0.0032072095147450334,0.8619402985074627,0.8947368421052632,0.9138576779026217,0.8619402985074627,0.9138576779026217,0.8901782728384492,0.021438889681067552,0.5394144878903432,0.3970152002976353,0.34117472707555535,0.34117472707555535,0.5394144878903432,0.425868138421178,0.08346304459957835
124,,,,,,,,,,0.6679115003703416,0.6638605947338767,0.6526534887460562,0.6526534887460562,0.6679115003703416,0.6614751946167582,0.0064533882558321775,0.8619402985074627,0.9097744360902256,0.9026217228464419,0.8619402985074627,0.9097744360902256,0.89144548581471,0.02106667803607969,0.497843729026282,0.3674425110781103,0.3533188889312387,0.3533188889312387,0.497843729026282,0.4062017096785437,0.06505671350565512
125,,,,,,,,,,0.626514926696329,0.705146322103788,0.6309070403759296,0.626514926696329,0.705146322103788,0.6541894297253489,0.03607655126065965,0.8582089552238806,0.9097744360902256,0.898876404494382,0.8582089552238806,0.9097744360902256,0.888953265269496,0.022190106253338802,0.4901537441495639,0.3635344832183275,0.33482874489009157,0.33482874489009157,0.4901537441495639,0.3961723240859943,0.06748029510465076
126,,,,,,,,,,0.6811167089006575,0.6352734559436581,0.6719523879197927,0.6352734559436581,0.6811167089006575,0.6627808509213695,0.019807217179687173,0.8805970149253731,0.8947368421052632,0.8951310861423221,0.8805970149253731,0.8951310861423221,0.8901549810576528,0.0067604188494275455,0.45863665128821757,0.427774784484304,0.3846315501557754,0.3846315501557754,0.45863665128821757,0.4236809953094323,0.030350816362024174
127,,,,,,,,,,0.6713200196882204,0.6832043807398918,0.7021889365636386,0.6713200196882204,0.7021889365636386,0.6855711123305835,0.012712816920524285,0.8768656716417911,0.8947368421052632,0.8876404494382022,0.8768656716417911,0.8947368421052632,0.8864143210617522,0.007347209290166859,0.48228609561920166,0.39143094700530057,0.3783277699563387,0.3783277699563387,0.48228609561920166,0.4173482708602803,0.046228520241004135
128,,,,,,,,,,0.6092021034632115,0.6120450178896659,0.6429485499858856,0.6092021034632115,0.6429485499858856,0.621398557112921,0.015282281357346578,0.8544776119402985,0.9135338345864662,0.8801498127340824,0.8544776119402985,0.9135338345864662,0.8827204197536157,0.02417802547280055,0.5128013162470576,0.3761028956649895,0.4167621730641926,0.3761028956649895,0.5128013162470576,0.43522212832541324,0.05731312827263166
129,,,,,,,,,,0.6852028849956388,0.6674497297013986,0.6553736255719111,0.6553736255719111,0.6852028849956388,0.6693420800896495,0.012251038648102333,0.8843283582089553,0.8909774436090225,0.9026217228464419,0.8843283582089553,0.9026217228464419,0.8926425082214733,0.0075604729817976574,0.46486218340361296,0.42033232625265765,0.35554291983222247,0.35554291983222247,0.46486218340361296,0.413579143162831,0.04488414314158417
130,,,,,,,,,,0.61669022912924,0.6275632083415985,0.6354366871026846,0.61669022912924,0.6354366871026846,0.6265633748578411,0.0076857952043131094,0.8582089552238806,0.9022556390977443,0.898876404494382,0.8582089552238806,0.9022556390977443,0.8864469996053357,0.02001491393091508,0.49658199610994824,0.40495445680125314,0.38153844145353366,0.38153844145353366,0.49658199610994824,0.4276916314549117,0.04964197954969894
131,,,,,,,,,,0.6098039578610532,0.6814384237146515,0.7003229544712947,0.6098039578610532,0.7003229544712947,0.6638551120156665,0.03898975783936915,0.8731343283582089,0.8872180451127819,0.8951310861423221,0.8731343283582089,0.8951310861423221,0.8851611532044377,0.009097158585521622,0.4770221407733746,0.4089033246264422,0.37044234819403304,0.37044234819403304,0.4770221407733746,0.41878927119794995,0.044068976247657474
132,,,,,,,,,,0.6213404109597436,0.6961198668429533,0.630315613746643,0.6213404109597436,0.6961198668429533,0.6492586305164466,0.03333786804624261,0.8582089552238806,0.9097744360902256,0.8913857677902621,0.8582089552238806,0.9097744360902256,0.8864563863681227,0.02133813183244253,0.5449564915094802,0.3729070749946107,0.4004897696248601,0.3729070749946107,0.5449564915094802,0.43945111204298365,0.07544861422647635
133,,,,,,,,,,0.6596308639972885,0.6390383732822741,0.6650016335340646,0.6390383732822741,0.6650016335340646,0.6545569569378756,0.011190207634690271,0.8731343283582089,0.9135338345864662,0.9026217228464419,0.8731343283582089,0.9135338345864662,0.8964299619303725,0.017064259985968232,0.503180742263794,0.35288827042830617,0.33471155311730916,0.33471155311730916,0.503180742263794,0.3969268552698031,0.07549840898566365
134,,,,,,,,,,0.6224088268013589,0.6009276707967123,0.6359571759517376,0.6009276707967123,0.6359571759517376,0.6197645578499363,0.014422451861988888,0.8544776119402985,0.9022556390977443,0.8876404494382022,0.8544776119402985,0.9022556390977443,0.8814579001587483,0.019989212198234404,0.591419295588536,0.4025440072654781,0.3990334924240684,0.3990334924240684,0.591419295588536,0.4643322650926942,0.08987552844091735
135,,,,,,,,,,0.6038627548139679,0.6019934114644896,0.6362662810545702,0.6019934114644896,0.6362662810545702,0.6140408157776759,0.01573429568851399,0.8544776119402985,0.8984962406015038,0.9026217228464419,0.8544776119402985,0.9026217228464419,0.8851985251294149,0.021788158577818333,0.5633538765693779,0.39166682555263205,0.3504110863815979,0.3504110863815979,0.5633538765693779,0.43514392950120256,0.09220937009167533
136,,,,,,,,,,0.5910549901698596,0.6467139859478939,0.6967698060549222,0.5910549901698596,0.6967698060549222,0.6448462607242252,0.043178095314920326,0.8656716417910447,0.8984962406015038,0.9026217228464419,0.8656716417910447,0.9026217228464419,0.8889298684129967,0.01653206440298944,0.5541963639544017,0.4062231840719854,0.3470098198799605,0.3470098198799605,0.5541963639544017,0.43580978930211584,0.08713243337265517
137,,,,,,,,,,0.5873593490477472,0.6478940193522561,0.641956450847479,0.5873593490477472,0.6478940193522561,0.6257366064158275,0.02724486608836156,0.8805970149253731,0.8947368421052632,0.9101123595505618,0.8805970149253731,0.9101123595505618,0.8951487388603994,0.012053108486709485,0.4400887604969651,0.43170539233693506,0.35670757282539256,0.35670757282539256,0.4400887604969651,0.40950057521976424,0.03748685139961968
138,,,,,,,,,,0.5881660909092266,0.6450057185749728,0.6448016019967886,0.5881660909092266,0.6450057185749728,0.6259911371603293,0.02674647651333934,0.8656716417910447,0.8984962406015038,0.898876404494382,0.8656716417910447,0.898876404494382,0.8876814289623102,0.015564043597121817,0.49025077072542106,0.42265987978842023,0.36660042661852604,0.36660042661852604,0.49025077072542106,0.42650369237745583,0.050553160605796
139,,,,,,,,,,0.6544382126574801,0.6563517125207111,0.5975238071038173,0.5975238071038173,0.6563517125207111,0.6361045774273362,0.027291906608599002,0.8656716417910447,0.9060150375939849,0.9138576779026217,0.8656716417910447,0.9138576779026217,0.8951814524292171,0.021110794153359223,0.5353806303508246,0.39450099767374813,0.3175619105609615,0.3175619105609615,0.5353806303508246,0.41581451286184473,0.09019219522766792
140,,,,,,,,,,0.5967535436842483,0.6269210043374903,0.5852069698847258,0.5852069698847258,0.6269210043374903,0.6029605059688214,0.017586167920332397,0.8507462686567164,0.8872180451127819,0.9026217228464419,0.8507462686567164,0.9026217228464419,0.8801953455386468,0.021752462218164265,0.5612628584477439,0.4102830976471865,0.3663798080624713,0.3663798080624713,0.5612628584477439,0.44597525471913385,0.0834677518135142
141,,,,,,,,,,0.6717634055196435,0.6250219633668576,0.6178940227398506,0.6178940227398506,0.6717634055196435,0.6382264638754506,0.02389207296057331,0.8656716417910447,0.8834586466165414,0.8913857677902621,0.8656716417910447,0.8913857677902621,0.880172018732616,0.010751914902672103,0.6573214504256177,0.4602937060863452,0.3391785320271267,0.3391785320271267,0.6573214504256177,0.48559789617969656,0.13110798515978492
142,,,,,,,,,,0.6092366935660155,0.6001507741802593,0.6155585454060482,0.6001507741802593,0.6155585454060482,0.608315337717441,0.006323845137590396,0.8805970149253731,0.8872180451127819,0.9026217228464419,0.8805970149253731,0.9026217228464419,0.8901455942948656,0.009226767144644514,0.5066197274336174,0.43293473359785584,0.38155862783894556,0.38155862783894556,0.5066197274336174,0.4403710296234729,0.05132603973223574
143,,,,,,,,,,0.6305866858173657,0.6455380948659437,0.6338113679335667,0.6305866858173657,0.6455380948659437,0.6366453828722921,0.0064244267520749306,0.8395522388059702,0.8984962406015038,0.9138576779026217,0.8395522388059702,0.9138576779026217,0.8839687191033653,0.03202718876720951,0.6046796556728989,0.38993520214033306,0.3327994409683492,0.3327994409683492,0.6046796556728989,0.4424714329271937,0.11704629980173298
144,,,,,,,,,,0.6196392180258139,0.6336849674825824,0.6209831760479854,0.6196392180258139,0.6336849674825824,0.6247691205187939,0.006328285765914413,0.8694029850746269,0.9060150375939849,0.8764044943820225,0.8694029850746269,0.9060150375939849,0.8839408390168781,0.01586837452842489,0.5519287728551608,0.391523976999342,0.37528148762295754,0.37528148762295754,0.5519287728551608,0.4395780791591535,0.0797201914856625
145,,,,,,,,,,0.6384562178728438,0.673136877337977,0.6114743521580329,0.6114743521580329,0.673136877337977,0.6410224824562846,0.02523893867718393,0.8694029850746269,0.9060150375939849,0.8913857677902621,0.8694029850746269,0.9060150375939849,0.8889345968196247,0.01504696595697463,0.5026715024193721,0.3630341622502284,0.4049928107958161,0.3630341622502284,0.5026715024193721,0.4235661584884722,0.058499992169586415
146,,,,,,,,,,0.6175947348965846,0.5808903047605619,0.5875760509417607,0.5808903047605619,0.6175947348965846,0.5953536968663024,0.01596188439164159,0.8507462686567164,0.8909774436090225,0.8913857677902621,0.8507462686567164,0.8913857677902621,0.8777031600186671,0.019062129578202105,0.5997732001454082,0.381107444573838,0.39095337962389887,0.381107444573838,0.5997732001454082,0.4572780081143817,0.10083946126797073
147,,,,,,,,,,0.5991680268090585,0.6145517037650007,0.6204903648449824,0.5991680268090585,0.6204903648449824,0.6114033651396805,0.008984970855241723,0.8619402985074627,0.9022556390977443,0.9138576779026217,0.8619402985074627,0.9138576779026217,0.8926845385026096,0.022249465098691894,0.5973610059538884,0.4299099776697786,0.3508289238710082,0.3508289238710082,0.5973610059538884,0.45936663583155846,0.10277901182172346
148,,,,,,,,,,0.6124294443282089,0.6737889006776837,0.6418715733748216,0.6124294443282089,0.6737889006776837,0.642696639460238,0.02505668601936756,0.8619402985074627,0.9022556390977443,0.898876404494382,0.8619402985074627,0.9022556390977443,0.8876907806998631,0.018260527675507898,0.5834110779548759,0.3798961284801476,0.33188289348105815,0.33188289348105815,0.5834110779548759,0.43173003330536047,0.109031103095235
149,,,,,,,,,,0.590520763558,0.6159729316587292,0.6439977813225526,0.590520763558,0.6439977813225526,0.6168304921797606,0.02184032073609104,0.8582089552238806,0.9060150375939849,0.898876404494382,0.8582089552238806,0.9060150375939849,0.8877001324374159,0.02105607071151993,0.6725141557294931,0.3787358690305312,0.3931509109025591,0.3787358690305312,0.6725141557294931,0.48146697855419446,0.1352188751322106
150,,,,,,,,,,0.5645985734256017,0.5795868885391154,0.6008519942943866,0.5645985734256017,0.6008519942943866,0.5816791520863679,0.014874156698463807,0.8507462686567164,0.9135338345864662,0.898876404494382,0.8507462686567164,0.9135338345864662,0.8877188359125215,0.02681962106791541,0.6367018916713658,0.3886353613290572,0.356824447822928,0.356824447822928,0.6367018916713658,0.46072056694111696,0.12511342465907638
151,,,,,,,,,,0.5959004530672393,0.5956816416194414,0.5815508897487934,0.5815508897487934,0.5959004530672393,0.591044328145158,0.0067134690015221874,0.8694029850746269,0.8984962406015038,0.898876404494382,0.8694029850746269,0.898876404494382,0.8889252100568376,0.013805170102499043,0.5081908387034687,0.4468810163662398,0.3513862919271662,0.3513862919271662,0.5081908387034687,0.43548604899895826,0.06452028328831418
152,,,,,,,,,,0.6362895515383094,0.6064478935357129,0.5974838641973642,0.5974838641973642,0.6362895515383094,0.6134071030904621,0.016589018269545713,0.8731343283582089,0.8984962406015038,0.9138576779026217,0.8731343283582089,0.9138576779026217,0.8951627489541115,0.016791504289402476,0.5181445979805135,0.43404241707316016,0.3508110295855597,0.3508110295855597,0.5181445979805135,0.4343326815464111,0.06831395156698956
153,,,,,,,,,,0.5335802894107179,0.620649203815561,0.6279888872916882,0.5335802894107179,0.6279888872916882,0.5940727935059891,0.04287948248420396,0.8544776119402985,0.8947368421052632,0.9101123595505618,0.8544776119402985,0.9101123595505618,0.8864422711987078,0.02345785178154401,0.5504412731127952,0.4359227104630685,0.3561701863892516,0.3561701863892516,0.5504412731127952,0.4475113899883718,0.07973304168303039
154,,,,,,,,,,0.6068141211204676,0.5743349130398716,0.6375349915944613,0.5743349130398716,0.6375349915944613,0.6062280085849335,0.02580465240035613,0.8395522388059702,0.9135338345864662,0.9063670411985019,0.8395522388059702,0.9135338345864662,0.8864843715303127,0.033314756924501414,0.7003769091705778,0.3776192144679844,0.3468402891458197,0.3468402891458197,0.7003769091705778,0.47494547092812733,0.15989858363358878
155,,,,,,,,,,0.6044847519641208,0.6380482419079937,0.6260389245473421,0.6044847519641208,0.6380482419079937,0.6228573061398189,0.013885699744015611,0.832089552238806,0.8947368421052632,0.9138576779026217,0.832089552238806,0.9138576779026217,0.8802280240822302,0.034922637777068555,0.7417674073532446,0.4314849168846482,0.3436682616615117,0.3436682616615117,0.7417674073532446,0.5056401952998014,0.17077272701409044
156,,,,,,,,,,0.5786715875700948,0.609935097203131,0.5610716833518101,0.5610716833518101,0.609935097203131,0.5832261227083453,0.020206700968499414,0.8768656716417911,0.9060150375939849,0.9026217228464419,0.8768656716417911,0.9060150375939849,0.8951674773607392,0.013015265797633383,0.5264468984817391,0.40091909697853534,0.4112934388694692,0.40091909697853534,0.5264468984817391,0.44621981144324785,0.0568869983003072
157,,,,,,,,,,0.6078251624957215,0.622162656327146,0.5847952182476337,0.5847952182476337,0.622162656327146,0.6049276790235004,0.01539216066726591,0.8619402985074627,0.9022556390977443,0.9213483146067416,0.8619402985074627,0.9213483146067416,0.8951814174039828,0.024763703999232556,0.6139461624978194,0.42291694698869287,0.318863587405128,0.318863587405128,0.6139461624978194,0.45190889896388003,0.12219883111915635
158,,,,,,,,,,0.5552921200418748,0.6025552883615412,0.6052708809192364,0.5552921200418748,0.6052708809192364,0.5877060964408841,0.02294693894228601,0.8843283582089553,0.8834586466165414,0.8951310861423221,0.8834586466165414,0.8951310861423221,0.8876393636559395,0.00530933322387545,0.5197671883141817,0.4145492789216508,0.35836418860414054,0.35836418860414054,0.5197671883141817,0.4308935519466576,0.06689834838213801
159,,,,,,,,,,0.5842751931822598,0.5775099201458904,0.631710305580726,0.5775099201458904,0.631710305580726,0.5978318063029587,0.02411440461355571,0.8694029850746269,0.9135338345864662,0.9101123595505618,0.8694029850746269,0.9135338345864662,0.8976830597372182,0.02004575749041241,0.538470930572766,0.38481399884685535,0.33176395682136667,0.33176395682136667,0.538470930572766,0.41834962874699594,0.08765623044585336
160,,,,,,,,,,0.6082839446145905,0.5392898547603577,0.5619381253535931,0.5392898547603577,0.6082839446145905,0.5698373082428471,0.028715198373473434,0.8470149253731343,0.8984962406015038,0.9138576779026217,0.8470149253731343,0.9138576779026217,0.8864562812924199,0.02858564740743009,0.6218657484695093,0.41549931595424067,0.3541141068667508,0.3541141068667508,0.6218657484695093,0.46382639043016693,0.11452616874407436
161,,,,,,,,,,0.5668667554855347,0.5768558587682121,0.6332883596420288,0.5668667554855347,0.6332883596420288,0.592336991298592,0.029242736682213194,0.8805970149253731,0.9022556390977443,0.9288389513108615,0.8805970149253731,0.9288389513108615,0.903897201777993,0.019728864684015062,0.4716674231771213,0.42019728498351305,0.32561405254214,0.32561405254214,0.4716674231771213,0.40582625356759144,0.06048576513763581
162,,,,,,,,,,0.5945385361452783,0.5876472238504921,0.5523690425432646,0.5523690425432646,0.5945385361452783,0.5781849341796783,0.018470115358299927,0.8694029850746269,0.8984962406015038,0.9176029962546817,0.8694029850746269,0.9176029962546817,0.8951674073102707,0.019817855883856653,0.5059911526405989,0.42813931976942193,0.3457540707585963,0.3457540707585963,0.5059911526405989,0.42662818105620576,0.06542524109074334
163,,,,,,,,,,0.617528840755911,0.6835687078900571,0.5354329952826866,0.5354329952826866,0.6835687078900571,0.6121768479762183,0.060594445331008,0.8656716417910447,0.9097744360902256,0.9176029962546817,0.8656716417910447,0.9176029962546817,0.8976830247119839,0.022859980547460065,0.5387612294350097,0.437483616677442,0.36666415428066074,0.36666415428066074,0.5387612294350097,0.4476363334643709,0.07062416518816157
164,,,,,,,,,,0.5180099003002593,0.6280433876255632,0.6301869108126714,0.5180099003002593,0.6301869108126714,0.5920800662461646,0.052382826609197575,0.8694029850746269,0.9060150375939849,0.9138576779026217,0.8694029850746269,0.9138576779026217,0.8964252335237445,0.019374006386342228,0.5020511190393078,0.4446344366577223,0.3148572011833334,0.3148572011833334,0.5020511190393078,0.42051425229345446,0.07830167384712379
165,,,,,,,,,,0.5778146057689351,0.6161826285573866,0.5938067784676185,0.5778146057689351,0.6161826285573866,0.5959346709313134,0.015735781686474323,0.8731343283582089,0.9022556390977443,0.9063670411985019,0.8731343283582089,0.9063670411985019,0.8939190028848184,0.014792519014496124,0.5950633549868171,0.43525939916533635,0.3250369615434261,0.3250369615434261,0.5950633549868171,0.4517865718985265,0.11085553321906781
166,,,,,,,,,,0.5752075723370605,0.6294743958055458,0.5741472867818979,0.5741472867818979,0.6294743958055458,0.5929430849748347,0.025835164080791652,0.8694029850746269,0.9285714285714286,0.9176029962546817,0.8694029850746269,0.9285714285714286,0.9051924699669124,0.02570009142024095,0.5710699487088332,0.35510348018847016,0.3051606993773457,0.3051606993773457,0.5710699487088332,0.41044470942488304,0.11539474557667027
167,,,,,,,,,,0.5917001097877591,0.6019826175271034,0.5747919531968924,0.5747919531968924,0.6019826175271034,0.5894915601705849,0.011209856533075177,0.8880597014925373,0.9210526315789473,0.9026217228464419,0.8880597014925373,0.9210526315789473,0.9039113519726422,0.013500141144547166,0.5512720181870816,0.38998303198276607,0.37660909603151044,0.37660909603151044,0.5512720181870816,0.439288048733786,0.07937263424965621
168,,,,,,,,,,0.5691955196375102,0.5848469411834402,0.5520180491300729,0.5520180491300729,0.5848469411834402,0.568686836650341,0.01340716492897203,0.8694029850746269,0.8947368421052632,0.9250936329588015,0.8694029850746269,0.9250936329588015,0.8964111533795638,0.02276641611558891,0.627876271952444,0.44926239073948754,0.31544897992735943,0.31544897992735943,0.627876271952444,0.464195880873097,0.12798426998713508
169,,,,,,,,,,0.624294482559138,0.6215003112207572,0.5302417163665478,0.5302417163665478,0.624294482559138,0.5920121700488143,0.04369319977183202,0.8582089552238806,0.9022556390977443,0.9063670411985019,0.8582089552238806,0.9063670411985019,0.888943878506709,0.021797592202038193,0.6166785897603676,0.4401740576315643,0.35232603427176173,0.35232603427176173,0.6166785897603676,0.46972622722123125,0.10992593398566582
170,,,,,,,,,,0.5662679722773087,0.5830672345518723,0.6048968892831069,0.5662679722773087,0.6048968892831069,0.5847440320374293,0.01581469874548967,0.8768656716417911,0.924812030075188,0.9063670411985019,0.8768656716417911,0.924812030075188,0.9026815809718269,0.019746734490673715,0.5805778162025693,0.396588295502098,0.33300787500674356,0.33300787500674356,0.5805778162025693,0.43672466223713696,0.104979092829456
171,,,,,,,,,,0.5726117674325932,0.5794051532901101,0.5708398250433114,0.5708398250433114,0.5794051532901101,0.574285581922005,0.003691653035572295,0.8805970149253731,0.9135338345864662,0.9138576779026217,0.8805970149253731,0.9138576779026217,0.902662842471487,0.015603456403299104,0.5215039720286184,0.4057788961475953,0.3139010315363327,0.3139010315363327,0.5215039720286184,0.4137279665708488,0.0849397277120911
172,,,,,,,,,,0.5387496724006987,0.5978054365896469,0.6216347639377301,0.5387496724006987,0.6216347639377301,0.5860632909760253,0.03484147994832346,0.8619402985074627,0.924812030075188,0.9176029962546817,0.8619402985074627,0.924812030075188,0.9014517749457776,0.028093417021405897,0.5997729612820184,0.4089423648844984,0.35445700474222946,0.35445700474222946,0.5997729612820184,0.45439077696958213,0.10517968198611234
173,,,,,,,,,,0.570059530422637,0.6343069965740904,0.5912012769625737,0.570059530422637,0.6343069965740904,0.598522601319767,0.026734940551993765,0.8582089552238806,0.8984962406015038,0.8951310861423221,0.8582089552238806,0.8984962406015038,0.8839454273225688,0.018250215764906357,0.6905304518208575,0.4288615462251176,0.3623176237170616,0.3623176237170616,0.6905304518208575,0.4939032072543455,0.14166563541205918
174,,,,,,,,,,0.5879643593909424,0.5850604389231441,0.552545140339778,0.552545140339778,0.5879643593909424,0.5751899795512881,0.01605614618990053,0.8544776119402985,0.9060150375939849,0.9101123595505618,0.8544776119402985,0.9101123595505618,0.8902016696949483,0.025316045486965172,0.6679480106972936,0.42411741591933977,0.3379962667962362,0.3379962667962362,0.6679480106972936,0.4766872311376232,0.13973719960435396
175,,,,,,,,,,0.583406677193265,0.5618435378605992,0.5902630526285905,0.5618435378605992,0.5902630526285905,0.5785044225608181,0.01210898510123863,0.8470149253731343,0.9060150375939849,0.9138576779026217,0.8470149253731343,0.9138576779026217,0.8889625469565803,0.029833750117762656,0.7361795911148413,0.44985909457493545,0.40542805055330755,0.40542805055330755,0.7361795911148413,0.5304889120810281,0.14657198686255693
176,,,,,,,,,,0.5804605317483288,0.593975709849659,0.6073422500720391,0.5804605317483288,0.6073422500720391,0.593926163890009,0.010974471471265006,0.8731343283582089,0.9022556390977443,0.9213483146067416,0.8731343283582089,0.9213483146067416,0.898912760687565,0.019824702512141378,0.6297882137013905,0.45213183738235246,0.3191501626026318,0.3191501626026318,0.6297882137013905,0.46702340456212493,0.12725386379834344
177,,,,,,,,,,0.6168104665702019,0.6067649951700289,0.6167605198346652,0.6067649951700289,0.6168104665702019,0.613445327191632,0.004723752082701443,0.8544776119402985,0.9022556390977443,0.898876404494382,0.8544776119402985,0.9022556390977443,0.8852032185108083,0.02177004028430595,0.6842877927111156,0.4137355017482786,0.4431228631835305,0.4137355017482786,0.6842877927111156,0.5137153858809749,0.12120812330285954
178,,,,,,,,,,0.5752410781291638,0.6057500992682436,0.6189733872046838,0.5752410781291638,0.6189733872046838,0.5999881882006971,0.018312626402420415,0.8656716417910447,0.9135338345864662,0.9325842696629213,0.8656716417910447,0.9325842696629213,0.9039299153468107,0.028148432647324275,0.5439804134084217,0.3967326625173253,0.2989713189363033,0.2989713189363033,0.5439804134084217,0.41322813162068345,0.10070233188037156
179,,,,,,,,,,0.5827483725455914,0.5777293491775777,0.5955981488411243,0.5777293491775777,0.5955981488411243,0.5853586235214311,0.0075247838494601664,0.8694029850746269,0.9097744360902256,0.9176029962546817,0.8694029850746269,0.9176029962546817,0.8989268058065113,0.0211197156154854,0.5826987544102455,0.4836872353925741,0.3050722824723533,0.3050722824723533,0.5826987544102455,0.4571527574250576,0.1148830517553301
180,,,,,,,,,,0.5845927480098599,0.5831283255910553,0.5938115482146923,0.5831283255910553,0.5938115482146923,0.5871775406052026,0.004728895288701195,0.8694029850746269,0.8947368421052632,0.9138576779026217,0.8694029850746269,0.9138576779026217,0.892665835027504,0.018207539305554004,0.554342710260135,0.49641877323164973,0.32869321241807403,0.32869321241807403,0.554342710260135,0.45981823196995303,0.09568742057547046
181,,,,,,,,,,0.5642902095423498,0.6345300449990631,0.5664000291090745,0.5642902095423498,0.6345300449990631,0.5884067612168291,0.032625458513185664,0.8582089552238806,0.8796992481203008,0.9138576779026217,0.8582089552238806,0.9138576779026217,0.8839219604156011,0.022913875829440388,0.6315814590276178,0.4987985733196251,0.31067917375975335,0.31067917375975335,0.6315814590276178,0.4803530687023321,0.13165547628304816
182,,,,,,,,,,0.556009597975854,0.5547138512077295,0.5844250447474993,0.5547138512077295,0.5844250447474993,0.5650494979770276,0.013710788924853515,0.8805970149253731,0.8984962406015038,0.9213483146067416,0.8805970149253731,0.9213483146067416,0.9001471900445396,0.016677556415289993,0.6121205002514284,0.44532773100343864,0.37451532315672115,0.37451532315672115,0.6121205002514284,0.4773211848038627,0.09960502283222368
183,,,,,,,,,,0.5566439435661183,0.6153763968937679,0.5457015888049053,0.5457015888049053,0.6153763968937679,0.5725739764215972,0.03059378129225431,0.8694029850746269,0.9022556390977443,0.8876404494382022,0.8694029850746269,0.9022556390977443,0.8864330245368578,0.013439187109840472,0.6046285371282207,0.4322496871078821,0.3977322421047125,0.3977322421047125,0.6046285371282207,0.47820348878027175,0.09049984581836824
184,,,,,,,,,,0.5609326535451848,0.6153763968937679,0.5657126041559073,0.5609326535451848,0.6153763968937679,0.5806738848649534,0.024615851773369533,0.8656716417910447,0.9022556390977443,0.898876404494382,0.8656716417910447,0.9022556390977443,0.8889345617943903,0.016507117493931394,0.6353689912539809,0.4322496871078821,0.35598494810111514,0.35598494810111514,0.6353689912539809,0.4745345421543261,0.11791202261809347
185,,,,,,,,,,0.5727803485471619,0.6153763968937679,0.5358778990232027,0.5358778990232027,0.6153763968937679,0.5746782148213775,0.03248285920517843,0.8694029850746269,0.9022556390977443,0.9176029962546817,0.8694029850746269,0.9176029962546817,0.896420540142351,0.020105497661150232,0.6090515371578843,0.4322496871078821,0.3207939931292659,0.3207939931292659,0.6090515371578843,0.45403173913167744,0.11868430467737569
186,,,,,,,,,,0.5636759803474294,0.6153763968937679,0.6119540691375732,0.5636759803474294,0.6153763968937679,0.5970021487929236,0.02360654159706289,0.8768656716417911,0.9022556390977443,0.9063670411985019,0.8768656716417911,0.9063670411985019,0.8951627839793458,0.013046433656453143,0.5334504264504162,0.4322496871078821,0.36520789334836523,0.36520789334836523,0.5334504264504162,0.4436360023022212,0.06915501243066094
187,,,,,,,,,,0.5113710723184803,0.6153763968937679,0.5830934001849248,0.5113710723184803,0.6153763968937679,0.5699469564657244,0.043465684716791686,0.8582089552238806,0.9022556390977443,0.9101123595505618,0.8582089552238806,0.9101123595505618,0.8901923179573957,0.022841973541065794,0.7035628895261394,0.4322496871078821,0.3623736667331685,0.3623736667331685,0.7035628895261394,0.49939541445573,0.14715962526753398
188,,,,,,,,,,0.5113710723184803,0.6153763968937679,0.590165402339055,0.5113710723184803,0.6153763968937679,0.5723042905171011,0.04429854302826061,0.8582089552238806,0.9022556390977443,0.898876404494382,0.8582089552238806,0.9022556390977443,0.8864469996053357,0.02001491393091508,0.7035628895261394,0.4322496871078821,0.41903062918212974,0.41903062918212974,0.7035628895261394,0.5182810686053837,0.13112513297328965
189,,,,,,,,,,0.5113710723184803,0.6153763968937679,0.5998669477609487,0.5113710723184803,0.6153763968937679,0.5755381389910657,0.04581262625902662,0.8582089552238806,0.9022556390977443,0.9288389513108615,0.8582089552238806,0.9288389513108615,0.8964345152108288,0.02912688562470358,0.7035628895261394,0.4322496871078821,0.33054202850838277,0.33054202850838277,0.7035628895261394,0.4887848683808014,0.1574448278599597
190,,,,,,,,,,0.5113710723184803,0.6153763968937679,0.5939539542564979,0.5113710723184803,0.6153763968937679,0.5735671411562486,0.04484040957507783,0.8582089552238806,0.9022556390977443,0.9101123595505618,0.8582089552238806,0.9101123595505618,0.8901923179573957,0.022841973541065794,0.7035628895261394,0.4322496871078821,0.34450195495332225,0.34450195495332225,0.7035628895261394,0.49343817719578126,0.1528380671898724
191,,,,,,,,,,0.5113710723184803,0.6153763968937679,0.6027743270763984,0.5113710723184803,0.6153763968937679,0.5765072654295489,0.046344692473337036,0.8582089552238806,0.9022556390977443,0.9101123595505618,0.8582089552238806,0.9101123595505618,0.8901923179573957,0.022841973541065794,0.7035628895261394,0.4322496871078821,0.40911278173271637,0.40911278173271637,0.7035628895261394,0.5149751194555793,0.1336857992027692
192,,,,,,,,,,0.5113710723184803,0.6153763968937679,0.5822939909421481,0.5113710723184803,0.6153763968937679,0.5696804867181321,0.043386651185279554,0.8582089552238806,0.9022556390977443,0.9101123595505618,0.8582089552238806,0.9101123595505618,0.8901923179573957,0.022841973541065794,0.7035628895261394,0.4322496871078821,0.3906438685953617,0.3906438685953617,0.7035628895261394,0.5088188150764611,0.13874845808986033
193,,,,,,,,,,0.5113710723184803,0.6153763968937679,0.578226714867812,0.5113710723184803,0.6153763968937679,0.5683247280266867,0.04303342803413869,0.8582089552238806,0.9022556390977443,0.8951310861423221,0.8582089552238806,0.9022556390977443,0.8851985601546492,0.019304902562870246,0.7035628895261394,0.4322496871078821,0.4086094525422943,0.4086094525422943,0.7035628895261394,0.514807343058772,0.13381880140504648
194,,,,,,,,,,0.5113710723184803,0.6153763968937679,0.564565688600907,0.5113710723184803,0.6153763968937679,0.563771052604385,0.042463713684179456,0.8582089552238806,0.9022556390977443,0.9063670411985019,0.8582089552238806,0.9063670411985019,0.888943878506709,0.021797592202038193,0.7035628895261394,0.4322496871078821,0.3946186379993453,0.3946186379993453,0.7035628895261394,0.5101437382111222,0.13762812221300896
195,,,,,,,,,,0.5113710723184803,0.6153763968937679,0.5504337237431453,0.5113710723184803,0.6153763968937679,0.5590603976517978,0.04289593230169498,0.8582089552238806,0.9022556390977443,0.9138576779026217,0.8582089552238806,0.9138576779026217,0.8914407574080823,0.023971042717063153,0.7035628895261394,0.4322496871078821,0.3579416037694122,0.3579416037694122,0.7035628895261394,0.49791806013447787,0.1485435283096135
196,,,,,,,,,,0.5113710723184803,0.6153763968937679,0.6056609483865592,0.5113710723184803,0.6153763968937679,0.5774694725329358,0.04690661906459684,0.8582089552238806,0.9022556390977443,0.898876404494382,0.8582089552238806,0.9022556390977443,0.8864469996053357,0.02001491393091508,0.7035628895261394,0.4322496871078821,0.44528200887562186,0.4322496871078821,0.7035628895261394,0.5270315285032144,0.12493985598710868
197,,,,,,,,,,0.5113710723184803,0.6153763968937679,0.6170861478035267,0.5113710723184803,0.6170861478035267,0.5812778723385916,0.04943650020536263,0.8582089552238806,0.9022556390977443,0.9176029962546817,0.8582089552238806,0.9176029962546817,0.8926891968587688,0.025173407136975048,0.7035628895261394,0.4322496871078821,0.34765901876969285,0.34765901876969285,0.7035628895261394,0.4944905318012381,0.15181640966632956
198,,,,,,,,,,0.5113710723184803,0.6153763968937679,0.5526718593560732,0.5113710723184803,0.6153763968937679,0.559806442856107,0.042758652896553735,0.8582089552238806,0.9022556390977443,0.9176029962546817,0.8582089552238806,0.9176029962546817,0.8926891968587688,0.025173407136975048,0.7035628895261394,0.4322496871078821,0.3183089109060916,0.3183089109060916,0.7035628895261394,0.484707162513371,0.16159413573328743
199,,,,,,,,,,0.5113710723184803,0.6153763968937679,0.589381977228018,0.5113710723184803,0.6153763968937679,0.572043148813422,0.04419466870634833,0.8582089552238806,0.9022556390977443,0.9101123595505618,0.8582089552238806,0.9101123595505618,0.8901923179573957,0.022841973541065794,0.7035628895261394,0.4322496871078821,0.3239295048436869,0.3239295048436869,0.7035628895261394,0.4865806938259028,0.15967523374986067
200,,,,,,,,,,0.5113710723184803,0.6153763968937679,0.5801727693814498,0.5113710723184803,0.6153763968937679,0.5689734128645659,0.04319217579451884,0.8582089552238806,0.9022556390977443,0.9213483146067416,0.8582089552238806,0.9213483146067416,0.8939376363094556,0.026439068990277797,0.7035628895261394,0.4322496871078821,0.3458973885363854,0.3458973885363854,0.7035628895261394,0.49390332172346896,0.15238554315845748
201,,,,,,,,,,0.5113710723184803,0.6153763968937679,0.5838154893655043,0.5113710723184803,0.6153763968937679,0.5701876528592508,0.043539754484712846,0.8582089552238806,0.9022556390977443,0.9176029962546817,0.8582089552238806,0.9176029962546817,0.8926891968587688,0.025173407136975048,0.7035628895261394,0.4322496871078821,0.35773507304740754,0.35773507304740754,0.7035628895261394,0.49784921656047637,0.14860841914443743
202,,,,,,,,,,0.5113710723184803,0.6153763968937679,0.5392670746033008,0.5113710723184803,0.6153763968937679,0.5553381812718496,0.04395442516339422,0.8582089552238806,0.9022556390977443,0.9026217228464419,0.8582089552238806,0.9026217228464419,0.8876954390560222,0.020850628302525702,0.7035628895261394,0.4322496871078821,0.37157641468423136,0.37157641468423136,0.7035628895261394,0.5024629971060842,0.14434030748008206
203,,,,,,,,,,0.5113710723184803,0.6153763968937679,0.5284368519599622,0.5113710723184803,0.6153763968937679,0.5517281070574035,0.04554220612438015,0.8582089552238806,0.9022556390977443,0.9063670411985019,0.8582089552238806,0.9063670411985019,0.888943878506709,0.021797592202038193,0.7035628895261394,0.4322496871078821,0.3772275727730565,0.3772275727730565,0.7035628895261394,0.504346716469026,0.1426468155319517
204,,,,,,,,,,0.5113710723184803,0.6153763968937679,0.546228682077848,0.5113710723184803,0.6153763968937679,0.5576587170966988,0.04322237970004153,0.8582089552238806,0.9022556390977443,0.9213483146067416,0.8582089552238806,0.9213483146067416,0.8939376363094556,0.026439068990277797,0.7035628895261394,0.4322496871078821,0.3830507513177529,0.3830507513177529,0.7035628895261394,0.5062877759839247,0.14093316770261607
205,,,,,,,,,,0.5113710723184803,0.6153763968937679,0.5400956474817716,0.5113710723184803,0.6153763968937679,0.5556143722313399,0.043855064309551724,0.8582089552238806,0.9022556390977443,0.9176029962546817,0.8582089552238806,0.9176029962546817,0.8926891968587688,0.025173407136975048,0.7035628895261394,0.4322496871078821,0.37142428415321677,0.37142428415321677,0.7035628895261394,0.5024122869290794,0.14438630153173493
206,,,,,,,,,,0.5113710723184803,0.6153763968937679,0.5445890059837928,0.5113710723184803,0.6153763968937679,0.5571121583986803,0.04337356256836343,0.8582089552238806,0.9022556390977443,0.9138576779026217,0.8582089552238806,0.9138576779026217,0.8914407574080823,0.023971042717063153,0.7035628895261394,0.4322496871078821,0.4315454705377643,0.4315454705377643,0.7035628895261394,0.5224526823905953,0.12806457831046072
207,,,,,,,,,,0.5113710723184803,0.6153763968937679,0.534032332438689,0.5113710723184803,0.6153763968937679,0.553593267216979,0.044656089633651815,0.8582089552238806,0.9022556390977443,0.9138576779026217,0.8582089552238806,0.9138576779026217,0.8914407574080823,0.023971042717063153,0.7035628895261394,0.4322496871078821,0.41984534714273297,0.41984534714273297,0.7035628895261394,0.5185526412589182,0.13091997781193643
208,,,,,,,,,,0.5113710723184803,0.6153763968937679,0.5472464428498195,0.5113710723184803,0.6153763968937679,0.5579979706873558,0.043135240025866856,0.8582089552238806,0.9022556390977443,0.9213483146067416,0.8582089552238806,0.9213483146067416,0.8939376363094556,0.026439068990277797,0.7035628895261394,0.4322496871078821,0.382952241024721,0.382952241024721,0.7035628895261394,0.5062549392195809,0.14096188607377078
209,,,,,,,,,,0.5113710723184803,0.6153763968937679,0.5906828889480004,0.5113710723184803,0.6153763968937679,0.5724767860534161,0.044368709108701575,0.8582089552238806,0.9022556390977443,0.9063670411985019,0.8582089552238806,0.9063670411985019,0.888943878506709,0.021797592202038193,0.7035628895261394,0.4322496871078821,0.38772420601898366,0.38772420601898366,0.7035628895261394,0.5078455942176684,0.13958169502408954
210,,,,,,,,,,0.5113710723184803,0.6153763968937679,0.547802089727842,0.5113710723184803,0.6153763968937679,0.5581831863133634,0.04308984613371748,0.8582089552238806,0.9022556390977443,0.9063670411985019,0.8582089552238806,0.9063670411985019,0.888943878506709,0.021797592202038193,0.7035628895261394,0.4322496871078821,0.43457501680216987,0.4322496871078821,0.7035628895261394,0.5234625311453971,0.1273537229038362
211,,,,,,,,,,0.5113710723184803,0.6153763968937679,0.5069059161039499,0.5069059161039499,0.6153763968937679,0.5445511284387327,0.05011419222669291,0.8582089552238806,0.9022556390977443,0.9138576779026217,0.8582089552238806,0.9138576779026217,0.8914407574080823,0.023971042717063153,0.7035628895261394,0.4322496871078821,0.3636919602695922,0.3636919602695922,0.7035628895261394,0.4998348456345379,0.1467512120977362
212,,,,,,,,,,0.5113710723184803,0.6153763968937679,0.541489136677522,0.5113710723184803,0.6153763968937679,0.5560788686299234,0.04369532464566372,0.8582089552238806,0.9022556390977443,0.9138576779026217,0.8582089552238806,0.9138576779026217,0.8914407574080823,0.023971042717063153,0.7035628895261394,0.4322496871078821,0.3712238520383835,0.3712238520383835,0.7035628895261394,0.502345476224135,0.14444693073569653
213,,,,,,,,,,0.5113710723184803,0.6153763968937679,0.5943680524826049,0.5113710723184803,0.6153763968937679,0.5737051738982843,0.04490354699089674,0.8582089552238806,0.9022556390977443,0.9026217228464419,0.8582089552238806,0.9026217228464419,0.8876954390560222,0.020850628302525702,0.7035628895261394,0.4322496871078821,0.3952370255292578,0.3952370255292578,0.7035628895261394,0.5103498673877598,0.13745529751442329
214,,,,,,,,,,0.5113710723184803,0.6153763968937679,0.5624793245242192,0.5113710723184803,0.6153763968937679,0.5630755979121558,0.042462089299103806,0.8582089552238806,0.9022556390977443,0.9138576779026217,0.8582089552238806,0.9138576779026217,0.8914407574080823,0.023971042717063153,0.7035628895261394,0.4322496871078821,0.38912628010640876,0.38912628010640876,0.7035628895261394,0.5083129522468101,0.1391804836978236
215,,,,,,,,,,0.5113710723184803,0.6153763968937679,0.5893689393997192,0.5113710723184803,0.6153763968937679,0.5720388028706558,0.044192964063598114,0.8582089552238806,0.9022556390977443,0.9138576779026217,0.8582089552238806,0.9138576779026217,0.8914407574080823,0.023971042717063153,0.7035628895261394,0.4322496871078821,0.4096490622459726,0.4096490622459726,0.7035628895261394,0.5151538796266647,0.1335444078936852
216,,,,,,,,,,0.5113710723184803,0.6153763968937679,0.5751869701422178,0.5113710723184803,0.6153763968937679,0.5673114797848219,0.042823625848977365,0.8582089552238806,0.9022556390977443,0.9101123595505618,0.8582089552238806,0.9101123595505618,0.8901923179573957,0.022841973541065794,0.7035628895261394,0.4322496871078821,0.4391836548007829,0.4322496871078821,0.7035628895261394,0.5249987438116014,0.12629564673960753
217,,,,,,,,,,0.5113710723184803,0.6153763968937679,0.6004959207314712,0.5113710723184803,0.6153763968937679,0.5757477966479064,0.0459247872014258,0.8582089552238806,0.9022556390977443,0.9026217228464419,0.8582089552238806,0.9026217228464419,0.8876954390560222,0.020850628302525702,0.7035628895261394,0.4322496871078821,0.4482044095403693,0.4322496871078821,0.7035628895261394,0.5280056620581303,0.12430846948663678
218,,,,,,,,,,0.5113710723184803,0.6153763968937679,0.5428709153945629,0.5113710723184803,0.6153763968937679,0.5565394615356037,0.04354613454112048,0.8582089552238806,0.9022556390977443,0.9063670411985019,0.8582089552238806,0.9063670411985019,0.888943878506709,0.021797592202038193,0.7035628895261394,0.4322496871078821,0.3781244424398472,0.3781244424398472,0.7035628895261394,0.5046456730246228,0.14238078005388008
219,,,,,,,,,,0.5113710723184803,0.6153763968937679,0.5362645965356093,0.5113710723184803,0.6153763968937679,0.5543373552492858,0.04434144292228063,0.8582089552238806,0.9022556390977443,0.9213483146067416,0.8582089552238806,0.9213483146067416,0.8939376363094556,0.026439068990277797,0.7035628895261394,0.4322496871078821,0.3858176175128208,0.3858176175128208,0.7035628895261394,0.507210064715614,0.1401304347861301
220,,,,,,,,,,0.5113710723184803,0.6153763968937679,0.5637264270048875,0.5113710723184803,0.6153763968937679,0.5634912987390451,0.04246032146980501,0.8582089552238806,0.9022556390977443,0.898876404494382,0.8582089552238806,0.9022556390977443,0.8864469996053357,0.02001491393091508,0.7035628895261394,0.4322496871078821,0.4351719803131475,0.4322496871078821,0.7035628895261394,0.5236615189823897,0.12721507324745773
221,,,,,,,,,,0.5113710723184803,0.6153763968937679,0.5430122532523596,0.5113710723184803,0.6153763968937679,0.5565865741548692,0.04353139500005302,0.8582089552238806,0.9022556390977443,0.9176029962546817,0.8582089552238806,0.9176029962546817,0.8926891968587688,0.025173407136975048,0.7035628895261394,0.4322496871078821,0.3957851827144623,0.3957851827144623,0.7035628895261394,0.5105325864494946,0.13730243612687154
222,,,,,,,,,,0.5113710723184803,0.6153763968937679,0.5729254979353685,0.5113710723184803,0.6153763968937679,0.5665576557158722,0.04269807915977819,0.8582089552238806,0.9022556390977443,0.8951310861423221,0.8582089552238806,0.9022556390977443,0.8851985601546492,0.019304902562870246,0.7035628895261394,0.4322496871078821,0.4451914436501287,0.4322496871078821,0.7035628895261394,0.5270013400947168,0.12495961432617136
223,,,,,,,,,,0.5113710723184803,0.6153763968937679,0.5561041355133056,0.5113710723184803,0.6153763968937679,0.5609505349085179,0.04259806392569318,0.8582089552238806,0.9022556390977443,0.898876404494382,0.8582089552238806,0.9022556390977443,0.8864469996053357,0.02001491393091508,0.7035628895261394,0.4322496871078821,0.5388678042183208,0.4322496871078821,0.7035628895261394,0.5582267936174474,0.11160582811702141
224,,,,,,,,,,0.5113710723184803,0.6153763968937679,0.6067622047204237,0.5113710723184803,0.6153763968937679,0.5778365579775573,0.04712958493786079,0.8582089552238806,0.9022556390977443,0.9101123595505618,0.8582089552238806,0.9101123595505618,0.8901923179573957,0.022841973541065794,0.7035628895261394,0.4322496871078821,0.40983429092090673,0.40983429092090673,0.7035628895261394,0.5152156225183094,0.13349564846476925
225,,,,,,,,,,0.5113710723184803,0.6153763968937679,0.5562689359371479,0.5113710723184803,0.6153763968937679,0.561005468383132,0.04259188451424069,0.8582089552238806,0.9022556390977443,0.9026217228464419,0.8582089552238806,0.9026217228464419,0.8876954390560222,0.020850628302525702,0.7035628895261394,0.4322496871078821,0.458317141742742,0.4322496871078821,0.7035628895261394,0.5313765727922545,0.1222183123228578
226,,,,,,,,,,0.5113710723184803,0.6153763968937679,0.5868116598862868,0.5113710723184803,0.6153763968937679,0.5711863763661783,0.04387397861159131,0.8582089552238806,0.9022556390977443,0.9101123595505618,0.8582089552238806,0.9101123595505618,0.8901923179573957,0.022841973541065794,0.7035628895261394,0.4322496871078821,0.3846469848845782,0.3846469848845782,0.7035628895261394,0.5068198538395332,0.14046914461457607
227,,,,,,,,,,0.5113710723184803,0.6153763968937679,0.5512255801604344,0.5113710723184803,0.6153763968937679,0.5593243497908942,0.042844442946922696,0.8582089552238806,0.9022556390977443,0.9176029962546817,0.8582089552238806,0.9176029962546817,0.8926891968587688,0.025173407136975048,0.7035628895261394,0.4322496871078821,0.3567262466034193,0.3567262466034193,0.7035628895261394,0.49751294107914695,0.14892589534768397
228,,,,,,,,,,0.5113710723184803,0.6153763968937679,0.6371158920801603,0.5113710723184803,0.6371158920801603,0.5879544537641361,0.05487508328302206,0.8582089552238806,0.9022556390977443,0.9101123595505618,0.8582089552238806,0.9101123595505618,0.8901923179573957,0.022841973541065794,0.7035628895261394,0.4322496871078821,0.4327344941847333,0.4322496871078821,0.7035628895261394,0.5228490236062516,0.12778415332442136
